key,input,molecular_weight,logp,hydrogen_bond_acceptors,hydrogen_bond_donors,lipinski,qed,stereo_centers,tpsa,ames,bbb_martins,bioavailability_ma,cyp1a2_veith,cyp2c19_veith,cyp2c9_substrate_carbonmangels,cyp2c9_veith,cyp2d6_substrate_carbonmangels,cyp2d6_veith,cyp3a4_substrate_carbonmangels,cyp3a4_veith,carcinogens_lagunin,clintox,dili,hia_hou,nr_ar_lbd,nr_ar,nr_ahr,nr_aromatase,nr_er_lbd,nr_er,nr_ppar_gamma,pampa_ncats,pgp_broccatelli,sr_are,sr_atad5,sr_hse,sr_mmp,sr_p53,skin_reaction,herg,caco2_wang,clearance_hepatocyte_az,clearance_microsome_az,half_life_obach,hydrationfreeenergy_freesolv,ld50_zhu,lipophilicity_astrazeneca,ppbr_az,solubility_aqsoldb,vdss_lombardo
"2aadbb3d68ae9ecc8cf3201bf6b4718d","C(\C=C\c1ccccc1)N1CCN(CC1)C(c1ccccc1)c1ccccc1",368.52399999999994,5.1070000000000055,2.0,0.0,3.0,0.5966660766331067,0.0,6.48,0.11750136017799377,0.9732781410217285,0.6859412789344788,0.21708448976278305,0.5910460948944092,0.29349923729896543,0.3432792901992798,0.4583665430545807,0.9507786512374878,0.3695286750793457,0.16895137019455433,0.13046902492642404,0.3246006369590759,0.17205231487751008,0.9939049124717713,0.003587710717692971,0.005239025736227631,0.039759226515889166,0.055158328264951706,0.007458361308090388,0.04440862163901329,0.00647794627584517,0.9166838765144348,0.8159987211227417,0.4295224189758301,0.000870390108320862,0.04379316223785281,0.12967368662357331,0.005819899821653962,0.9134660482406616,0.9921845316886901,-4.943167950235477,72.66595694709768,20.8835978564339,-29.893845412425144,-6.608705815086372,2.7393748397085966,3.6395756677944235,99.63588513246222,-4.390839356618493,2.3980301349408952
"b0e855b8cd3775fc4097d924f54b1013","CC(C)c1nc(CN(C)C(=O)N[C@@H](CCN2CCOCC2)C(=O)N[C@H](CC[C@H](Cc2ccccc2)NC(=O)OCc2cncs2)Cc2ccccc2)cs1",776.0420000000001,6.000700000000006,10.0,3.0,2.0,0.10557201660303792,3.0,138.02,0.35556882321834565,0.41324214935302733,0.6797784566879272,0.10696543455123901,0.955066466331482,0.2904840797185898,0.9203148722648621,0.2007712721824646,0.5275296449661255,0.7434352040290833,0.9932748794555664,0.12569634318351747,0.5732911944389343,0.8770668029785156,0.9973428606986999,0.0024792486801743507,0.004671095474623144,0.15740884765982627,0.05310647562146187,0.018885862454771994,0.06155295148491859,0.05046718530356884,0.7296551048755646,0.8723006963729858,0.5784276783466339,0.023038606625050306,0.09092820174992085,0.4575620234012604,0.16322286128997804,0.23374857306480407,0.864499032497406,-5.173474479212858,67.95636889320326,91.4213753127908,60.67724705558912,-11.368498194979745,3.039728051045009,3.6579144699911614,97.35288636065162,-4.997543506958417,-0.34333635297675047
"949fbb82b193f3af33d3c61d7b18f691","COc1ccc(\C=C\C(=O)OCCC(C)C)cc1",248.32199999999995,3.2977000000000025,3.0,0.0,4.0,0.5721153628763131,0.0,35.53,0.1880933791399002,0.8624650716781617,0.8455752015113831,0.9465300440788269,0.8445788145065307,0.32243712246418,0.5363895416259765,0.23380854576826096,0.01858081966638565,0.5981154859066009,0.14069922640919685,0.25910464078187945,0.00996373794041574,0.7817238569259644,0.9999556541442871,0.008004135452210903,0.06533124893903733,0.32062157094478605,0.032006263732910156,0.13090572655200958,0.43302927613258363,0.02911950722336769,0.9896967530250549,0.055454573780298236,0.31667240858078005,0.4956216186285019,0.12363474667072297,0.14706812798976898,0.040893896296620366,0.6041085302829743,0.2044124573469162,-4.170094597026524,134.32202541841062,112.31656741646586,-16.042271861213766,-4.760355547236382,1.8915897745600556,3.5768859092700103,99.3328369865904,-4.881914306112665,5.813760629164553
"f5b3b70ccf21890569a713cc2f7a7a66","COc1ccc(cc1)S(=O)(=O)N[C@@H](CNc1nc(C)nc(N2CCC(CC2)c2ccc3CCCNc3n2)c1C)C(O)=O",595.7260000000005,3.0827400000000003,10.0,4.0,3.0,0.27286795018036614,1.0,158.67,0.07448485270142555,0.5037066042423248,0.8372427582740783,0.08809705693274736,0.2705273061990738,0.2687868237495422,0.32005620300769805,0.22159308791160584,0.24908722676336764,0.7193650126457214,0.6585802555084228,0.13242727816104888,0.5079032063484192,0.9165169596672058,0.9754850387573242,0.012246649991720916,0.044887793995440003,0.1121447242796421,0.04151828847825527,0.027528776228427886,0.08495294451713561,0.04464272670447826,0.7450100541114807,0.2492212563753128,0.3989241808652878,0.01578884683549404,0.01564910411834717,0.06506034582853318,0.09203822761774064,0.08990330621600151,0.6543937683105469,-6.04693354968624,14.38071578629411,62.30178670760747,-8.487387074400797,-10.546065114575352,3.077367654739917,0.9489356679980652,86.75137459115582,-3.850108378246425,-0.6161542774173958
"0eee215415b35e90c2f31c68d8053c12","CCN(CC)C(=O)N1CCN(C)CC1",199.29799999999994,0.6956,2.0,0.0,4.0,0.6541651065181895,0.0,26.790000000000006,0.18786603286862374,0.9823753237724304,0.6475100219249725,0.0008092558215139434,0.014023508317768574,0.22904180213809014,0.00043003380706068127,0.25277594327926634,0.002290306828217581,0.23410917520523072,2.4894632861105493e-05,0.10543758049607277,0.11226945891976356,0.02957053896971047,0.8256754279136658,0.000903069916239474,0.00609861514531076,0.0002636610295667197,0.00017196060598507757,0.0004193905333522707,0.038954058568924664,2.9510414083233628e-05,0.8581470012664795,0.0003196724370354787,0.01186643997207284,0.00015081264136824758,8.919664414861473e-05,1.396313832628948e-05,0.00010333196141800726,0.9486788034439086,0.2238505393266678,-3.956789573831002,38.41618979566963,-4.315408608699099,-27.09242698436263,-11.082320333806003,2.183615384122376,-0.15643645060686656,-3.37245432515993,0.7680730819914829,-7.1334854176218325
"007da00a6b74526c15dae57cb140e9aa","OC[C@@H](O)[C@H]1O[C@@H]2O[C@@H](O[C@@H]2[C@H]1O)C(Cl)(Cl)Cl",309.529,-0.46289999999999937,6.0,3.0,4.0,0.5982051890137444,6.0,88.38000000000001,0.7216174304485321,0.9712282538414001,0.8864676356315613,0.002500975030125119,0.04683635197579861,0.029071614099666476,0.0021249136567348613,0.05739543365780264,0.0019381829043595643,0.16707995999604464,3.579279101799671e-05,0.04101503044366837,0.026725308038294315,0.2442055583000183,0.9597752809524536,0.02415196024812758,0.013454196695238351,0.0006399872978363419,0.01341066111344844,0.011000545998103916,0.141376294195652,0.001327641904936172,0.6505494594573975,0.0036314858443802223,0.13389400765299797,0.003207062531873817,0.0010702457147999667,0.019551173542276958,0.038959865388460455,0.5747721314430236,0.09916769249830396,-5.769021694287057,56.98574184380836,-5.29066301458519,38.166330054873264,-16.772255292408477,2.4612127767698047,-0.03663896333739527,47.89677160587539,-1.4290654846018072,1.14433655156596
"f0aad388a7b769ccc5662df2cf5cde41","CC(C)n1c2sc(Cc3c(C)[nH]nc3C(F)(F)F)c(C(=O)N3C[C@](C)(O)CO3)c2c(=O)n(C)c1=O",515.5140000000004,2.1221200000000002,9.0,2.0,3.0,0.5490491036381246,1.0,122.45000000000002,0.6588688552379608,0.6885009407997131,0.8287960529327393,0.04753596018999815,0.2817967563867569,0.29351006746292113,0.44552276730537416,0.11651927381753921,0.06724337954074144,0.7184154510498046,0.8646779179573059,0.23919794708490372,0.6194252252578736,0.8870031595230102,0.9988011360168457,0.011372347199358045,0.025234534963965417,0.020133798010647297,0.12524549514055253,0.014428217522799968,0.057817619293928146,0.011963662318885326,0.8286709785461426,0.7443393349647522,0.25437588095664976,0.05761699192225933,0.011790731037035585,0.25154128670692444,0.16490625888109206,0.17402543276548385,0.815724229812622,-5.394892290489006,-0.5217622664480899,8.785832412782243,38.84703008283274,-13.047037821299654,4.417006953224065,1.7958386445762695,70.67573838440234,-2.919457409450087,-2.7999460485621777
"420600b888b92db19ed6725fa05bb061","Fc1ccc(cc1)C(CCCN1CCC(CC1)n1c2ccccc2[nH]c1=O)c1ccc(F)cc1",461.5560000000001,5.8570000000000055,3.0,1.0,3.0,0.37471274722994996,0.0,41.03,0.07313802242279052,0.9088837623596191,0.7298430800437927,0.13678012266755105,0.17676784470677376,0.15473029315471648,0.2719891592860222,0.5238747239112854,0.9515727758407593,0.6210997819900512,0.6269683420658112,0.12606087811291217,0.6569998681545257,0.1383411169052124,0.9985127210617065,0.00785584724508226,0.005741999531164765,0.047964814491569994,0.09638712555170059,0.005760498531162739,0.030318126454949378,0.00316620102385059,0.7995720982551575,0.9572834491729736,0.1401338666677475,0.0013702013879083098,0.04039727412164211,0.13737289905548095,0.00810770196840167,0.4909700691699982,0.993195378780365,-5.313198077490279,30.533413024011345,-3.8837379155921665,-1.459713950388894,-9.039180504589387,3.1311683764402938,4.42531467980439,96.72417416384617,-5.0000216987573145,3.2987243087397715
"0c9d1db8c376c80ee6ba6db72016bf27","CCCc1c(O)c(ccc1SCCCOc1ccc(C(C)=O)c(OCCCC(O)=O)c1CCC)C(C)=O",530.6830000000004,6.507200000000007,7.0,2.0,2.0,0.13533073017725053,0.0,110.13,0.04390713507309556,0.13935019373893737,0.6760863304138184,0.3961787909269333,0.46382911801338195,0.34365426003932953,0.6192290723323822,0.09554566591978073,0.10604006722569466,0.5718495070934295,0.2706796288490295,0.17317224144935608,0.01820437628775835,0.7284189462661743,0.9343458414077759,0.01532004838809371,0.012795549072325229,0.05925144515931606,0.06000137105584145,0.11675224304199219,0.28574531674385073,0.6241646647453308,0.4092202425003052,0.767188310623169,0.23324217200279235,0.024071931838989258,0.28599960207939146,0.24891234189271927,0.12621724009513854,0.2736098676919937,0.20016801953315735,-5.738734074811883,78.37763252163118,64.78295595363022,-2.3932631474434283,-7.661974036404115,2.0232523530742204,2.9380402819654967,105.39030554709646,-4.957606091544883,2.4517527125159537
"9beb66816506fe7d206086171a930212","OC(=O)c1cc(O)c(O)c(O)c1",170.11999999999998,0.5015999999999998,4.0,4.0,4.0,0.45988822950048275,0.0,97.99000000000001,0.14591002464294434,0.08118080012500287,0.5311717927455902,0.019160685129463673,0.00820578122511506,0.10366558022797108,0.06532933209091425,0.014284296100959182,0.0080450035398826,0.08022840581834316,0.006219392572529614,0.10301195308566094,0.02599446028470993,0.7072203159332275,0.9599969863891602,0.004987011710181832,0.03778830841183663,0.15006761625409126,0.0007585818995721639,0.04391843006014824,0.08022384941577912,0.003937509225215763,0.015129694435745477,0.003380188881419599,0.31409775763750075,0.011519577214494347,0.014947155956178904,0.0797670241445303,0.01154481815174222,0.7258948862552643,0.011068314081057906,-5.8146057224228045,41.23345910205296,-1.7842855929879888,6.773246296068623,-12.474957626847345,1.6127434015897193,-0.3053332884297418,69.5307402383448,-0.9194403348692542,4.843017216902929
"680e0a4c985a6507dfaa84a63ff512bc","CNC[C@H](O)c1cccc(O)c1",167.20799999999997,0.645,3.0,3.0,4.0,0.6190573678793356,1.0,52.489999999999995,0.035651311930269006,0.08437290638685227,0.616452544927597,0.01112330025061965,0.0025671802111901345,0.16421908587217332,0.0007575507712317631,0.45558387935161593,0.020384128019213677,0.11781875938177108,0.0025701019214466212,0.16567471213638782,0.018798812478780746,0.012503435276448727,0.9963759541511535,0.002394389163237065,0.02420407421886921,0.00998911210335791,0.00044319687367533334,0.0013323596504051238,0.013669768488034606,0.00010406174478703179,0.22306918799877168,0.005661736545152962,0.008895954687613995,5.120445021020714e-05,0.0007026259816484525,0.001005162240471691,0.00033921021640708203,0.467627614736557,0.043464009277522565,-5.410951580322327,32.266109577727846,-29.040919528445546,-3.7317949071175134,-14.21957111599323,2.3917561009470076,-0.8625709981077382,9.067284145050488,-1.0083809911132664,0.586008260785386
"1c10f7fbf0ff8d91bda228f1ea8f57e6","CC(=O)Nc1ccc(cc1)S(=O)(=O)Nc1ccc(cc1)[N+]([O-])=O",335.34100000000007,2.354,5.0,2.0,4.0,0.6420030076597153,0.0,118.41,0.09667724519968032,0.565069979429245,0.8012104868888855,0.08552475050091743,0.22325030267238616,0.40302791595458987,0.2718068927526474,0.06324502527713775,0.0715418230742216,0.42282670736312866,0.07394848391413689,0.5202924966812134,0.050919382646679875,0.9647020816802978,0.9795608043670654,0.08828170523047447,0.06380925923585892,0.015573421120643615,0.011726974043995142,0.004568772320635617,0.0777679704129696,0.0010140107828192414,0.6228780567646026,0.09770843274891376,0.0723337322473526,0.0012611480080522597,0.015240030782297253,0.35141676664352417,0.010472823306918145,0.5146458715200424,0.1405035860836506,-5.0531287486933305,40.51275286319314,7.802871347947442,68.6847823532061,-10.12760034562597,2.0779183475541663,1.1723112723995501,86.83025836593987,-3.993699145689199,-4.054506993242366
"705f6a5c88698929e98ec9ca768b28f5","CC[N+](C)(C)Cc1ccccc1Br",243.16799999999998,3.0454000000000017,0.0,0.0,4.0,0.7156100675468327,0.0,0.0,0.00510602118447423,0.8296482801437378,0.4715758502483368,0.007845260528847575,0.012936793139670045,0.19622908681631088,9.429067700921223e-05,0.48632515370845797,0.12935300841927527,0.373441806435585,4.651455165003426e-05,0.09416107255965471,0.0010450014380921856,0.0026244970853440464,0.08324422929435968,0.0002634866158587101,0.002464022667845711,3.4858529488701606e-05,0.004694242583354935,0.0032413628417998553,0.070088679343462,2.9857147377398973e-05,0.5819758862257004,0.012871725345030427,0.09058254808187485,2.8776298165666958e-05,0.00030809995841991623,0.006290598967461846,6.785624984786409e-05,0.985648000240326,0.7210026860237122,-4.397103248023261,75.21549799932703,19.86681220312935,-7.682579366742482,-5.053918232207307,2.9985481057335805,1.0265342596434857,31.611543574107856,-1.684964543227586,7.452774284208149
"ce6d0a2e028383a3c45dd50be8a23f84","C[C@@H]1O[C@@H]1P(O)(O)=O",138.05899999999997,-0.09110000000000007,2.0,2.0,4.0,0.39203873860249044,2.0,70.06,0.10321240043267607,0.8925585269927978,0.5972957760095596,0.0060915769724047665,0.1559049681876786,0.09389095042715781,0.005230867323643906,0.03781390086187457,0.09585387733823154,0.18520334613276646,0.0003971602842976256,0.0074118547141551975,0.11111417487263679,0.13166843429207803,0.13553447667509316,0.0025716039732287753,0.005027159192832187,0.0026197039668886648,0.0007151587768589706,0.032224437801050956,0.11062714084982872,0.00021945266704834765,0.12411181551869958,0.0023101650178432463,0.0652557796536712,0.0016246982358967266,0.0009034373509166471,0.011092952254989541,0.08332324524435535,0.2954159498214722,0.04195611262694001,-5.11843082717524,-1.3148957115804634,21.294517137419046,32.9677627199487,-11.309256600570665,1.4163153174639584,0.8738676024801648,41.71769458878741,0.644483118250433,-9.833871678183431
"b0a4955174923b0ca540b6a0580dbc97","CN1CCN(CC1)c1nc(C)nc2n(C3CCOCC3)c(nc12)-c1ccccc1Cl",426.9520000000002,3.5584200000000017,7.0,0.0,4.0,0.6378393928409053,0.0,59.31,0.5521503627300263,0.9622068881988526,0.8993221282958984,0.2227368548512459,0.1450958251953125,0.229817296564579,0.09336242005228997,0.355634742975235,0.0999486144632101,0.8900762081146241,0.17514479756355286,0.15198270380496978,0.5795487940311432,0.8918043613433838,0.9987044930458069,0.009101880481466651,0.022747789043933153,0.12746114283800125,0.17739795446395873,0.017636402696371078,0.04490701109170914,0.014281918294727802,0.9851406693458558,0.9167682647705078,0.48359462022781374,0.015975984651595353,0.052399132400751114,0.024341252446174622,0.047189276479184625,0.4110159993171692,0.9440601229667663,-4.764318726009618,22.568486959976504,2.78865779574303,24.93336167554136,-7.4486499226144485,2.577858569867664,3.323770435022125,90.89901362263612,-3.400934337551631,7.857727726439103
"6a626b6d3feb82c5d17e4c2e77ad07a4","CC(C)CCNC(=O)[C@H](CC(C)C)NC(=O)[C@H]1O[C@@H]1C(O)=O",314.38200000000006,0.5316000000000012,4.0,3.0,4.0,0.5380859921538701,3.0,108.03,0.4939765244722366,0.6609850883483886,0.8723346948623657,0.012806294672191142,0.1014071300625801,0.19809460937976836,0.02559426296502352,0.035343709588050845,0.009863925899844616,0.33433586955070493,0.006097279710229486,0.349798259139061,0.24500397965312004,0.7479026317596436,0.6452640354633331,0.006113797426223755,0.027633584290742873,0.010522521659731865,0.027703831298276783,0.032100381795316935,0.1288657397031784,0.06118095219135285,0.22020910531282425,0.007969088759273291,0.3928291782736778,0.026245147362351416,0.04105390533804894,0.002562507567927241,0.06813557464629412,0.5658395469188691,0.02941473722457886,-5.6870323437484265,12.999931669144786,-0.01939926741735718,-15.369445727357467,-12.328698639074416,2.2679211411700324,-1.048230220401504,69.06359039137494,-0.9619092578801919,2.106011733465402
"074f6ce073367a3297559e13ec48c164","C[S+](C)CC[C@H](N)C(O)=O",164.25,-0.3336999999999995,2.0,2.0,4.0,0.5590146841453553,1.0,63.32,0.07237991467118263,0.46696666479110716,0.8381161570549012,0.00011808584004029399,0.0003906484111212194,0.13587330803275108,0.0001004840167297516,0.15903178751468658,0.0010389400500571354,0.12903300570324064,9.054660449692164e-06,0.13591597601771355,0.041420954698696735,0.006189676385838538,0.17493415623903275,0.0008928296912927181,0.029170269891619683,0.0008961975283455104,0.00020919826420140453,0.0018406277522444725,0.040295930579304695,8.472432155031129e-05,0.16961924772476777,0.00014126950773061254,0.021822229959070683,0.00020875504151263158,0.0001024194303454351,4.213300999253988e-05,0.00013063633887213654,0.811668848991394,0.04364258609712124,-5.500874015906389,5.61774484115851,-31.37606036459406,-13.585565974672885,-12.759675389780915,1.3661196819036379,-2.1787127432161237,13.528266164796753,-0.22708181739360622,0.026637392864696175
"421e2139e41bd7c4ce40e96398a424ec","CN(C\C=C\C#CC(C)(C)C)Cc1cccc2ccccc12",291.438,4.877300000000004,1.0,0.0,4.0,0.7258618266744273,0.0,3.24,0.1591560322791338,0.9845370292663574,0.5887048602104187,0.7862271785736084,0.7434040427207946,0.47151088118553164,0.19734134823083876,0.45719587802886963,0.853392767906189,0.8343909502029419,0.5492435991764069,0.393126580119133,0.278551322221756,0.24795912951231003,0.999419903755188,0.001690098486142233,0.002885630290256813,0.0661190178245306,0.1677318826317787,0.05253440849483013,0.06592694260179996,0.01413247687742114,0.982702088356018,0.5978317141532898,0.4221827149391174,0.003718964266590774,0.2010052353143692,0.3685710072517395,0.013929958455264568,0.9200419902801513,0.9301411271095276,-4.377085883617139,64.89169774990542,41.602574365699795,28.810955744733377,-4.33626730046966,2.2629668654075923,4.112748205380545,102.41779645045946,-5.232153710043916,5.1633018510609014
"1ee7d36cee27bcef1e50bdb7ec9dce32","CC(C)N[C@H]1CCn2c3c(cccc3[nH]c2=O)[C@@H]1O",261.325,1.1332999999999995,4.0,3.0,4.0,0.7587986932232659,2.0,70.05,0.18759669363498688,0.435473757982254,0.8043285131454467,0.014280685503035784,0.013553335890173912,0.20000264644622803,0.005169269698671997,0.2186615601181984,0.11447275504469871,0.3027448683977127,0.005338941467925906,0.09686011634767056,0.3693749368190765,0.23233983516693116,0.9937552690505982,0.009735962469130754,0.030533545464277268,0.06041076183319092,0.005152989272028207,0.005237292312085628,0.05710067190229893,0.000985117125674151,0.24036592543125151,0.05243671163916588,0.008402174804359674,0.0013428961858153344,0.010830815602093934,0.007613601721823215,0.01023963587358594,0.3577849596738815,0.3379834294319153,-5.2006826730430005,-33.69869866364973,-41.7829237911139,4.637315381843851,-16.209837925939482,2.4561211230307776,-0.4386102553030664,37.91149743341579,-1.699508024639347,1.3910783636423236
"89c67dd27229605ca0801123efc21aab","O=C(O[C@H]1[C@H](OC(=O)c2cccnc2)[C@@H](OC(=O)c2cccnc2)[C@H](OC(=O)c2cccnc2)[C@H](OC(=O)c2cccnc2)[C@@H]1OC(=O)c1cccnc1)c1cccnc1",810.7320000000001,3.723600000000003,18.0,0.0,2.0,0.1264528846691746,0.0,235.14,0.04159788358956575,0.8341909408569336,0.6527290761470794,0.2666865438222885,0.6474300146102905,0.14882425516843795,0.7805453538894653,0.04044762421399355,0.5255905032157898,0.4715036928653717,0.9542818069458008,0.017956614680588245,0.44766248762607574,0.8886940360069275,0.9911200165748596,0.02804231233894825,0.021606138721108437,0.03461497537791729,0.06748682977631688,0.01918256743811071,0.036341659259051085,0.021296220971271394,0.7532739877700806,0.5437356531620026,0.20877327173948287,0.016538228769786657,0.05550612676888704,0.07587331752292811,0.02998674170812592,0.14834924042224884,0.5349777102470398,-5.129604145588525,107.15147511355269,76.15756847850793,44.992068195527004,-9.307336292502063,2.037498701479518,2.6392764088878637,81.18721747016131,-3.824275294081005,-5.398636196074429
"d2cf17516dc088f688519407f964d068","OC(=O)c1cnn(c1)-c1nc2cc(Cl)c(OC(F)(F)F)cc2[nH]1",346.652,2.9988,5.0,2.0,4.0,0.7601343740550822,0.0,93.03,0.3346194952726364,0.3361908197402954,0.9019977569580078,0.36145067065954206,0.05215715635567904,0.19017154425382615,0.16643004044890403,0.034166735410690305,0.043224663753062484,0.15653921961784362,0.01546686515212059,0.36087158024311067,0.13650580905377865,0.9899628639221192,0.9888159990310669,0.01096710916608572,0.02969749867916107,0.5997897267341614,0.02945573702454567,0.0349135521799326,0.15791638642549516,0.04945072736591101,0.1820003129541874,0.04343211222440004,0.36133849024772646,0.31465808898210523,0.053706641495227816,0.1500275231897831,0.36915292143821715,0.219875568151474,0.07460436075925828,-4.701386274274369,-20.104871684543905,-4.777910871499192,-37.8360109927721,-11.36231183816513,2.9615523577285474,0.18734393720969042,95.89567462343113,-4.133708189122023,-0.14368270223190596
"8eb6bac423c8069004ac9f509d0510e8","CCOC(=O)CCC\C=C/C\C=C/C\C=C/C\C=C/C\C=C/CC",330.5120000000001,6.471200000000007,2.0,0.0,3.0,0.2071180474846085,0.0,26.3,0.8239300847053528,0.9642890810966491,0.6484380602836609,0.07602208442986011,0.39399583339691163,0.037266173772513865,0.1650109115988016,0.1603518083691597,0.012112171540502458,0.728007698059082,0.5795340515673161,0.8464820384979248,0.13656131671741606,0.12643705382943154,0.9905026197433472,0.045238105580210686,0.015935507373069414,0.003882791738578817,0.04375940896570683,0.016014525666832924,0.04728166684508324,0.0958944009616971,0.9751935482025147,0.335761696100235,0.9404196619987488,0.01446738678496331,0.4078879177570343,0.06727370917797089,0.03809236148372293,0.9873499512672425,0.5551701843738556,-4.785197473485216,152.15350809922148,97.84444391266578,12.952963149496416,-1.95263710391432,1.3991661503472357,4.615480190982354,104.90007419148769,-6.497161584591401,1.9044746068861804
"78ec37a1067c8b48aecfdfac9d74c4b3","ClCCC(=O)NCc1ccccc1",197.66500000000002,1.9317,1.0,1.0,4.0,0.734809007214607,0.0,29.1,0.8643216967582703,0.9809370040893555,0.9348858714103698,0.42385765314102175,0.4516651272773743,0.12368162423372268,0.0103512576315552,0.16767250895500183,0.058288227021694186,0.5599246144294738,0.057358414866030216,0.637652587890625,0.047403079085052015,0.17117321640253066,0.9997391700744629,0.022786985896527768,0.005951746390201152,0.026156712509691715,0.004940693418029695,0.0097600560169667,0.24266476929187775,0.003753563086502254,0.9196320414543152,0.005584368668496609,0.2166431039571762,0.018654185440391303,0.02582249203696847,0.005260676573379896,0.01605856716632843,0.8919938921928405,0.11171798668801784,-4.43838426333304,65.95188411541146,50.83153038441876,1.4501233881547997,-8.278306207399925,1.97897910410226,2.195384331765328,60.40104412529389,-2.2118848359109013,-7.636077708667223
"e80730a24308251808a6afefce248643","CSc1ccccc1Nc1nc(nc2c(NCC3CC3)ncnc12)N1CCNCC1",422.56200000000024,3.1168000000000005,9.0,3.0,4.0,0.4968055621660034,0.0,90.89,0.3614870697259903,0.9019916772842407,0.8705174207687378,0.9614317417144775,0.6957494735717773,0.3207917273044586,0.6669917464256286,0.5644185662269592,0.3973867207765579,0.4774865508079529,0.9544473886489868,0.1030335009098053,0.32345016598701476,0.9654346823692321,0.9999345302581787,0.03396454453468323,0.01098858192563057,0.8095834016799927,0.34596706330776217,0.04064086247235536,0.12103208750486374,0.11051169633865357,0.9262984395027161,0.5056029200553894,0.6450552999973297,0.22817025035619737,0.22223856896162034,0.764454847574234,0.6296973347663879,0.495156592130661,0.9177359580993653,-5.630898930793672,56.285147924793044,65.89731268142383,10.306731417885862,-9.551004052810814,2.1863230757004453,2.775918900136138,93.79258834774427,-3.5132511649641387,13.046739118545593
"9172f31282429b35e2468cf6e6e259c1","CN(CC[C@@H](Oc1ccc(cc1)-c1ccccc1)c1ccc(F)cc1)CC(O)=O",393.45800000000014,5.019300000000005,3.0,1.0,3.0,0.5546194302903024,1.0,49.77,0.1280494973063469,0.619268536567688,0.9504784345626831,0.35643872022628786,0.2787394881248474,0.7234767198562622,0.45299311876297,0.17792952954769134,0.19078161120414733,0.5703133106231689,0.15791340470314025,0.5645986378192902,0.26061427444219587,0.7965126752853393,0.9904060959815979,0.005864965543150902,0.023900999501347543,0.1264813981950283,0.08145803511142731,0.04267014898359776,0.21058506816625594,0.4399201452732086,0.6712885022163391,0.38491288125514983,0.14801628291606903,0.019223656319081784,0.025588517542928457,0.11951992362737655,0.011558234691619873,0.300100764632225,0.6880765676498413,-4.898485907893963,55.764350859855895,8.616390696797396,4.204425727333236,-7.210737698218258,3.0371081990316613,2.2839028207190966,95.60306465119166,-4.675236993806988,1.829139479124909
"a257d80b36b43d9101731c60e5f2cb7d","COC(=O)[C@@H]1C[C@H](OC(C)=O)C(=O)[C@H]2[C@@]1(C)CC[C@H]1C(=O)O[C@@H](C[C@]21C)c1ccoc1",432.46900000000016,3.0001000000000015,8.0,0.0,4.0,0.5296624991938542,7.0,109.11000000000001,0.2721575736999512,0.9200883507728577,0.9221167922019958,0.0014235466049285605,0.1434305902570486,0.04852305501699448,0.08337357118725777,0.03863322399556637,0.010008027078583837,0.6955271601676941,0.7053200840950012,0.03386542033404112,0.1497764527797699,0.7250562191009522,0.9996070146560669,0.037768856668844816,0.14153909347951413,0.006858078110963106,0.14178511500358582,0.029111132118850948,0.12171415612101555,0.013312037754803895,0.964545750617981,0.7438475012779235,0.28805501461029054,0.01741346586495638,0.033766796439886095,0.14323799684643745,0.0482835203409195,0.2886486455798149,0.10199569389224053,-4.713340580513633,100.28233492805307,41.57796028334924,35.44680861742181,-5.989617785991686,4.093164138649255,2.224726680758761,84.06554960769287,-3.94498350111209,4.468879522099352
"cc949d5c072b22e6d61da74187460255","COc1ccc(C[C@@H](C)NC[C@H](O)c2ccc(O)c3[nH]c(=O)ccc23)cc1",368.4330000000001,2.4965,5.0,4.0,4.0,0.514022449588338,2.0,94.57999999999998,0.15603018850088118,0.18303308486938477,0.6161838054656983,0.400569874048233,0.4566400647163391,0.22767936885356904,0.263751694560051,0.6108742654323578,0.7090983033180237,0.5955134212970734,0.6011378526687622,0.09534143768250943,0.30284129083156586,0.11533449292182922,0.9918342113494873,0.025956811755895613,0.025421762838959694,0.43622371554374695,0.03914921209216118,0.04846119172871113,0.12014218121767044,0.0032599017955362796,0.6322728753089905,0.19936118125915528,0.037669484689831736,0.011498749069869519,0.039048711955547336,0.12737505733966828,0.035832663625478746,0.19018994718790055,0.7998693346977234,-5.802778573705489,21.63771060343432,3.856615827305651,-21.330501181349863,-15.578338147308731,2.4286181432023355,0.7500767402127752,68.61222957507675,-3.7744748758496973,10.301728063401962
"25c3b6e275f492ef12d83809e3deec28","Cc1ccc(cc1NC(=O)c1cccc(NC(=O)Nc2cccc(c2)C(=O)Nc2cc(ccc2C)C(=O)Nc2ccc(c3cc(cc(c23)S(O)(=O)=O)S(O)(=O)=O)S(O)(=O)=O)c1)C(=O)Nc1ccc(c2cc(cc(c12)S(O)(=O)=O)S(O)(=O)=O)S(O)(=O)=O",1297.3020000000006,6.743240000000005,17.0,12.0,0.0,0.04452352077639325,0.0,483.74999999999994,0.3159341312944889,0.3494210124015808,0.5852536559104919,0.12665820866823196,0.1695740543305874,0.3842451095581055,0.19836124628782273,0.07256878316402435,0.09039506893604994,0.2939606785774231,0.11956391707062722,0.8322880268096924,0.39268446862697604,0.9638872385025025,0.3203198630362749,0.0063205045647919175,0.034570731967687604,0.009378855023533106,0.006045036623254419,0.002499069337500259,0.03987542390823364,0.0014106838672887534,0.16178650856018068,0.4765856206417084,0.0970167227089405,0.0038881398271769286,0.0036296625854447483,0.1823555901646614,0.027981556951999664,0.1990859776735306,0.7213914155960083,-5.725868109337002,-28.75016602464762,-0.1302963155941576,794.4248836571095,-15.024017027430522,2.2247919466615356,1.4536844978655021,83.85500054601837,-2.1897664100661425,5.817141987389066
"d50d12f41595b302dd516342a3a8f898","CN1Cc2ccccc2[C@H]2[C@H]1Cc1c[nH]c3cccc2c13",274.367,3.669900000000002,1.0,1.0,4.0,0.6624613878903269,2.0,19.03,0.8926087260246277,0.9948971748352051,0.8671128988265991,0.9623250007629395,0.4274430572986603,0.38841675221920013,0.047181774489581586,0.7954910635948181,0.9422482371330261,0.7414611935615539,0.5972949445247651,0.04746859110891819,0.3226083219051361,0.6603710651397705,0.9999550342559814,0.009084305632859469,0.014437830913811922,0.8334546446800232,0.08388752415776253,0.028686552494764327,0.09645298570394516,0.004470627545379103,0.9572002530097962,0.5062870919704437,0.0859857216477394,0.016335971374064683,0.07539514116942883,0.3446384072303772,0.11670138612389565,0.751564359664917,0.9194785714149475,-4.853787801002081,31.852399872989942,-5.676218196894833,14.229987331526393,-9.471212119400192,3.4474127206646292,3.358619470149301,88.70993053219954,-4.597989880735428,5.6233766479048715
"d33578ca6c02be00e4de0fb998f4b071","Cc1cc(N2CCN(CC2)[C@@H]2CN[C@@H](C2)C(=O)N2CCSC2)n(n1)-c1ccccc1",426.5900000000002,1.5661200000000006,7.0,1.0,4.0,0.8010417299824585,2.0,56.64,0.1883436605334282,0.6527644336223603,0.596846055984497,0.019865220598876476,0.14227812439203263,0.27950283885002136,0.05089304447174072,0.4196034729480743,0.15715095922350883,0.7729368329048156,0.7689396262168884,0.1197318285703659,0.45324674248695374,0.6700408220291137,0.9899472951889038,0.018869405426084996,0.031998249143362044,0.06085834465920925,0.04453966841101646,0.05201762691140175,0.11933217346668243,0.01619753837585449,0.8115159034729004,0.4267388701438904,0.3728577226400375,0.007049981923773885,0.016503758169710635,0.023194283805787565,0.08881512507796288,0.3299296110868454,0.8570832252502442,-5.371906094613095,53.24087629720511,78.14408583699124,-0.6695783965781434,-10.486385891769153,2.436100818978396,1.6518845767878898,77.11182638834063,-2.2816768209382503,-0.9470804716255232
"3d71d074f8b11db46a7f5fdea1f7f439","COc1cc(Br)c(cc1OC)S(=O)(=O)Nc1ccc(Cl)c(O[C@@H]2CCN(C)C2)c1",505.81800000000027,4.003400000000003,6.0,1.0,3.0,0.6128143274683939,1.0,77.1,0.08991632051765919,0.8124288320541382,0.9374608874320984,0.21318157985806466,0.5648982286453247,0.5386581182479858,0.19849565476179123,0.6267168998718262,0.4718557596206665,0.7951871037483216,0.926569151878357,0.39994484186172485,0.32241453528404235,0.8577571272850036,0.9988543868064881,0.0059745474718511105,0.03760845046490431,0.026083816960453986,0.024725141748785973,0.0022775311255827544,0.020938864909112453,0.00831515782047063,0.9713151812553406,0.6746780157089234,0.16607351899147033,0.0013283689157105982,0.005730879819020629,0.11438348442316056,0.0050710819894447924,0.14856366142630578,0.8347693920135498,-4.961754192958052,24.21503245024877,-1.23591564620004,59.86239904333521,-9.8295653796723,2.684584715505623,1.907111518210184,93.14874794135176,-3.878920349650012,3.044621759583266
"98a17d1e5e9c57ce1ee56354615a0181","CCC1(C)CC(=O)NC(=O)C1",155.19699999999997,0.8392999999999999,2.0,1.0,4.0,0.5701828183359867,0.0,46.17,0.04194474350661039,0.9957668662071228,0.881343150138855,0.0010301201025868067,0.022777531715109944,0.09284244105219841,0.0069045290583744645,0.03307764157652855,0.00019942057028856652,0.30252951979637144,0.00014952038764022292,0.2021649643778801,0.014981655683368445,0.2830981522798538,0.9984352707862854,0.000721559355588397,0.005754216481000185,0.0005431762328043987,0.0012038607426802627,0.001013499368855264,0.024197327252477408,0.0003646592143923044,0.7350488007068634,0.0019417683884967118,0.005151030415436253,7.30818201418515e-05,0.006548218498937786,0.0004325490556766454,0.001585051520669367,0.7159320712089539,0.011491429049056024,-4.417852078227143,-26.93713260245236,-20.650425668349367,1.7987213186112243,-8.169726304013013,2.2430332118619636,0.6245657233005991,53.02109824520293,-1.0810692531522257,1.0490499546060665
"7d5562edc306d0feadf3138060d578d1","C1C[C@@H](Nc2nc3ccccc3[nH]2)c2ccccc2C1",263.34400000000005,4.052400000000002,2.0,2.0,4.0,0.7318927063883683,1.0,40.71,0.7744145870208741,0.9800307393074036,0.8716125965118409,0.9785269618034362,0.8852813124656678,0.2872874915599823,0.28250582367181776,0.4146802842617035,0.9288915514945983,0.671902346611023,0.7365500092506408,0.05993035212159157,0.061782654374837875,0.7000431418418884,0.999993109703064,0.009630058589391411,0.01980213150382042,0.9539621949195862,0.4632305562496185,0.08443079888820648,0.4304395854473114,0.012475487263873219,0.9455841660499573,0.4297027885913849,0.573941683769226,0.24459227174520493,0.27117412388324735,0.88071368932724,0.32463609576225283,0.5891707599163055,0.8851603746414185,-4.948695071289466,55.20825948110587,34.87964342883906,1.1971666966773036,-10.166767541714906,2.401127962876731,3.7800489643502884,101.29909479063905,-4.452585551423935,7.111586947302615
"2ece77a5f0805ebded125cea9c48852b","Fc1ccc(cc1)-n1cc(CCCCN2CCC3(CC2)OCc2ccccc32)c2ccccc12",454.58900000000017,6.613800000000007,3.0,0.0,3.0,0.304938256812931,0.0,17.4,0.4393099546432495,0.9822046875953674,0.7334777355194092,0.24184952974319457,0.2026594325900078,0.09334006384015084,0.05956145375967026,0.5591926515102387,0.8035978674888611,0.8688849210739136,0.37297976911067965,0.08700052089989185,0.5110520511865616,0.2031792789697647,0.9996665120124817,0.010792699735611677,0.010335718374699354,0.14693991392850875,0.21504015922546388,0.02603441858664155,0.05325254499912262,0.005157582834362984,0.8953709244728089,0.9964804887771607,0.41471596360206603,0.005855333269573748,0.12840521261096,0.07150879204273224,0.02055103238672018,0.5774995267391205,0.9940658688545227,-5.032809203868192,63.17824529704484,33.31392313709324,30.65627569311018,-6.493158787528472,3.2774765728044253,4.099478573778418,101.94278537731957,-3.8699488121561716,3.644410521940692
"2e4ed77a8c48d5adcb5336552a5c64d8","COC(=O)CCC(=O)CN",145.158,-0.5326000000000002,4.0,1.0,4.0,0.5396004092310056,0.0,69.39,0.3926168233156204,0.9412776112556458,0.8980335831642151,0.011726410710252821,0.010521699552191422,0.06984563991427421,0.001308754540514201,0.2120179772377014,0.004463344672694802,0.24826254248619078,0.0021296996317687446,0.18001512438058853,0.04406648557633162,0.08650110512971879,0.9987117767333984,0.025170633010566233,0.010491012781858444,0.012553823087364436,0.0006347159047436435,0.003255573712522164,0.024516315944492818,0.00160932038561441,0.6277453422546386,0.004128073551692068,0.008181514940224588,0.0026549598202109336,0.004034992313245311,9.83592283660073e-05,0.00296165116596967,0.5628881692886353,0.01821338280569762,-4.588820474323477,65.74687445609194,-2.417773142594821,-19.586099563976216,-9.33372922882741,1.3287481518545514,-0.9548688533075043,6.530350715456907,0.7893340577719153,-5.427662892037182
"c338f5d8feb466dc7b171ddbc1a52fe6","CC(C)SC(N)=N",118.20500000000001,1.02147,2.0,2.0,4.0,0.3987248144483232,0.0,49.870000000000005,0.08853955821832642,0.8371852993965149,0.6977397382259369,0.00272768646646,0.01356597195554059,0.1019299566745758,0.003986439068103209,0.22479122653603553,0.04632928930222988,0.15984062477946281,0.002026756020472931,0.27027584314346315,0.009798682294785976,0.02528105704113841,0.9745329141616821,0.0008061826461926103,0.003965771850198507,0.004363153284793952,0.0012900616882689064,0.01713577820919454,0.06499956399202347,0.00014738081918039825,0.38995846509933474,0.016783209051936865,0.016693288297392427,9.311628623436264e-05,0.005941854021511972,0.0039064061020326335,0.00019030957155337093,0.5389306336641312,0.046186541020870206,-5.835071386030043,-15.56341394500912,-26.397929591489298,18.18755621234673,-7.2686388239407025,2.466196037839898,-0.7699130583595024,7.203076216526102,0.6700350272667548,12.06560025770485
"33f54ca879d1da8d3643ba72a9e17eee","CC(C)C[C@H](N(C)Cc1ccc(cc1)C(C)(C)C)C(=O)N[C@@H](Cc1ccc(OCc2ccccc2)cc1)C(=O)NC(C)(C)C",599.8600000000001,7.051800000000008,4.0,2.0,2.0,0.22089833998918623,2.0,70.67,0.09674076810479164,0.21537603437900543,0.712827742099762,0.012625979934819042,0.46469478607177733,0.39169889986515044,0.17320773974061013,0.17767663896083832,0.14426071830093862,0.9566885471343994,0.9415262103080749,0.5852258026599884,0.06739208959043026,0.5337704122066498,0.9968071341514587,0.0009919875228661112,0.0019505758944433182,0.034296729043126105,0.02258637174963951,0.02285332316532731,0.04297191770747304,0.017858789768069983,0.8665479779243469,0.9536081075668335,0.3482016742229462,0.0026920588221400975,0.11036535054445266,0.23342090249061584,0.008036196697503328,0.31514614522457124,0.8120111703872681,-4.881356649178576,61.556700655260144,122.88899637749932,71.70379000410216,-6.075017594134314,3.0150779952158953,4.814291842715095,108.25153047330727,-6.512865647332167,5.065273035392757
"74c30eef4e0bad04dc8a714f3482f49d","Cc1ccc(NC(=O)CCCCCC(=O)Nc2ccccc2N)cc1",339.439,4.104920000000002,3.0,3.0,4.0,0.49978350025699697,0.0,84.22,0.37842959761619566,0.8427488088607789,0.7806077599525452,0.38556561470031736,0.7833610057830811,0.26669294238090513,0.6519054055213929,0.3222797155380249,0.3757755786180496,0.8227655529975891,0.8559226870536805,0.45435962080955505,0.19956687688827515,0.6131278812885285,0.99531329870224,0.02407669946551323,0.05916873589158058,0.43554859459400175,0.16141559779644013,0.039576795604079965,0.16784749627113343,0.060212958604097366,0.7785703539848328,0.44986737370491026,0.3748871862888336,0.07908775582909584,0.10248812735080719,0.4311578094959259,0.2067383885383606,0.5550841450691223,0.8715966939926147,-5.357230722153205,80.03664436990468,32.6105562078385,10.019133853518609,-9.515933445078257,2.7043349284525346,2.109870324261814,83.73444412084028,-4.035072126524745,-2.102931834701609
"29cb15823427b9974e2fa4d06757486b","COc1ccc(cc1)[C@@H]1Sc2ccccc2N(CCN(C)C)C(=O)[C@@H]1OC(C)=O",414.5270000000002,3.368500000000002,6.0,0.0,4.0,0.6757916364888925,2.0,59.080000000000005,0.4097304463386536,0.946006178855896,0.8846981525421143,0.08959919437766076,0.4500722289085388,0.6265804052352906,0.10995662361383438,0.5796961337327957,0.4520070791244507,0.8316421151161194,0.8104370355606079,0.2699532240629196,0.5385738253593445,0.585784089565277,0.9876904964447022,0.027071391604840754,0.06303601413965225,0.038837354816496375,0.017725745774805547,0.012680492922663688,0.06193741746246815,0.028261302039027214,0.9567273259162903,0.8561690211296081,0.05346645936369896,0.01390417602378875,0.007677500089630485,0.044931187853217126,0.021676499769091605,0.25743833780288694,0.8437556505203248,-4.534601523139051,117.82263328323832,91.93218459266822,23.113290141664045,-8.235593816726134,3.019662171366336,2.0726320212743756,58.64005371021002,-3.3149295895430377,-3.5397744781517586
"a8587ec20815e663a354bb33342cb90a","CC(=O)NCCCOc1ccc(cc1)C(=O)N1CCC(CC1)N1C(=O)CCc2ccccc12",449.55100000000033,3.175600000000002,4.0,1.0,4.0,0.6588434731997667,0.0,78.95,0.08924739286303521,0.8892706036567688,0.45889509916305543,0.010695579554885625,0.30006490349769593,0.19504669457674026,0.19312533289194106,0.3671861350536346,0.09105452597141266,0.9235209345817565,0.4173369288444519,0.11047943383455276,0.12317352741956711,0.4801545858383179,0.9903481125831604,0.006503772898577153,0.038706148788332936,0.029963282123208045,0.01138683445751667,0.0068658017320558425,0.10990430414676666,0.0027389747905544938,0.9229153871536255,0.7891904950141907,0.31119097769260406,0.007293983222916722,0.029203785490244626,0.030892109125852586,0.030092865973711014,0.15644610077142715,0.8607574343681336,-4.909409164807866,60.287836903716325,43.37113419154105,-10.821226072303483,-8.954111670372521,2.657877800765058,2.2729926442419837,92.82636441104178,-3.316849066003693,-7.746732960287966
"15195dabe2997cd19e688bb07048fd93","CCCCCCCCC(F)(F)C(F)(F)C(F)(F)C(F)(F)C(F)(F)C(F)(F)F",432.26399999999995,7.475800000000005,0.0,0.0,3.0,0.23466203137848088,0.0,0.0,0.0009611092405975796,0.9810407519340515,0.29692224636673925,0.028883252415107565,0.7313603520393371,0.036534782499074936,0.4293982043862343,0.036683766596252096,0.015464062057435512,0.7491085052490234,0.12970267095952295,0.6758422493934632,0.000712831886312415,0.14270735336467624,0.9999296307563782,0.00034235328930662943,0.0016495087096700446,0.0010235295700113055,0.041146371560171244,0.03510248102247715,0.062057510018348694,0.0004456151509657502,0.9181403756141663,0.31090022921562194,0.2116094633936882,4.627329858521989e-05,0.039736471697688104,0.2435465693473816,0.06225045025348663,0.6923978567123413,0.7276660740375519,-4.524962629253731,51.593751365418825,17.88639382462462,36.24203240644901,2.9203357449911005,2.4076497022516334,4.474754832313364,107.59027089163587,-7.884660233999492,13.338996857208354
"2f897ce96e7b087b4e69c992131f83fd","Cc1cccc(C)c1N(CC(=O)Nc1ccc(cc1)-c1ncon1)C(=O)C1CCS(=O)(=O)CC1",482.56200000000035,3.1499400000000017,7.0,1.0,4.0,0.5725094907014661,0.0,122.47,0.2933203518390656,0.5712749361991882,0.7211740374565124,0.0186087780399248,0.15518480986356736,0.4144443064928055,0.15626142546534538,0.11308200731873512,0.018812434375286104,0.8285945177078247,0.603096354007721,0.496213310956955,0.45292760729789733,0.931929063796997,0.9395103693008423,0.0217691071331501,0.06315909773111343,0.02995466124266386,0.13700111508369445,0.05131586268544197,0.07830621972680092,0.07013801783323288,0.7310108780860901,0.4871099919080734,0.5933018267154694,0.05783635191619396,0.05230511575937271,0.20202547162771226,0.21729590594768525,0.12189118787646294,0.6493226051330566,-5.226925992181394,35.624019741946164,51.712528487048075,75.55213796043017,-10.998670473219027,2.8403673411320747,1.8254292769015987,83.54415284009795,-3.84408053016232,-0.16967087060587235
"5b0ab60ba5745bcbc4e7af8bddd61b11","N[Pt](N)(Cl)Cl",298.03,0.19530000000000025,2.0,2.0,4.0,0.6708982130246257,0.0,52.04,0.27313542579358907,0.8914499878883362,0.5687369227409362,0.16509165010647847,0.258403374243062,0.01653657960414421,0.02296552630396036,0.23539567871484907,0.004627346901179408,0.114014648552984,0.0004182156997266873,0.3454521521460265,0.01741456611667589,0.19967570323497058,0.5306009966880083,0.03871939103119075,0.00838775628944859,0.03049649729800876,0.0016439111223607971,0.019264645955991,0.07581454031169414,0.00045326199394181047,0.2653361463861074,0.021587143611395732,0.6519681602716446,0.0015086822438711068,0.03514907047183442,0.024413445937398137,0.02007563292354462,0.6634945392608642,0.057562104100361465,-5.573414979382372,-26.990257887197583,-83.89790835296373,18.05696041590876,-5.899457716504251,2.302680427936891,-3.701296595145699,-66.3773402285864,-1.7020704043370418,6.1778625248431265
"33352b0633061a81a8450c57519ab09a","COC(=O)c1cc(OC)c2OCOc2c1-c1c2OCOc2c(OC)cc1CO",390.34400000000016,2.1071000000000004,9.0,1.0,4.0,0.7691102211860767,0.0,101.91000000000003,0.05733835361897945,0.7301677823066711,0.756466007232666,0.832139790058136,0.7297979235649109,0.12862058505415916,0.4246867835521698,0.17670615687966346,0.33182298243045805,0.5724297285079956,0.8917265057563781,0.020193968387320637,0.026724512176588177,0.954485559463501,0.9991226196289062,0.015261238324455917,0.033346060663461685,0.5318108677864075,0.04388870969414711,0.005994243244640529,0.01551546473056078,0.008068253961391747,0.9358155727386475,0.46663511395454405,0.09053128808736802,0.011812062188982963,0.017605190677568317,0.086830273270607,0.08045904915779829,0.2587702631950378,0.6390188813209534,-4.60831319999043,26.31968227492348,53.33305338021614,8.794401031902757,-10.269400133761073,2.8540724159822095,1.218322203594156,69.81734131305853,-3.322349129531691,4.508727768847566
"e206dc46b9320afc0376105e0fe15df9","COc1ccc(cc1)C(=O)C=C(O)c1ccc(cc1)C(C)(C)C",310.3930000000001,4.774500000000004,3.0,1.0,4.0,0.5022570850688044,0.0,46.53,0.059940698370337483,0.26569984257221224,0.6857014536857605,0.8222944855690002,0.8362550258636474,0.26699609905481336,0.6452394485473633,0.14151500463485717,0.05854573398828507,0.616530430316925,0.17510353326797484,0.34068673849105835,0.011321528442203998,0.7026212096214295,0.999708640575409,0.005699089053086937,0.02651099432259798,0.4972492218017578,0.3755192220211029,0.1837442249059677,0.4563463181257248,0.04571133367717266,0.9673920631408691,0.9071644306182861,0.5776127755641938,0.09631887562572956,0.2070670410990715,0.8772969245910645,0.07566406950354576,0.37364154756069184,0.5303425967693329,-4.550667269817508,66.15498929465119,79.90744475982562,23.55615084366094,-7.846834971621346,1.7055299266294441,4.068652475247079,105.7193708675131,-6.269851260374194,1.7416996538484129
"7d9219d647a2cb5952eb7c3fe9f6a826","C[C@H](Cc1ccccc1)N(C)CC#C",187.28599999999994,2.1826,1.0,0.0,4.0,0.6530251998867977,1.0,3.24,0.05260621514171362,0.9628427386283874,0.7470925211906433,0.37067011892795565,0.11093716025352478,0.4223839998245239,0.01839717847760767,0.5326337695121766,0.6234681367874145,0.44807309508323667,0.02755783200263977,0.2384991616010666,0.07799004819244146,0.012530253641307354,0.9993807196617126,0.0008193094399757683,0.0068079794757068155,0.002954669261816889,0.0008441065874649212,0.005417958553880453,0.08661096543073654,0.00037725243892055004,0.9544936537742614,0.004910188517533243,0.028387810569256544,0.0005394589570641983,0.0021732171822804957,0.0015623440500348806,0.00022740088461432607,0.9374615311622619,0.31744456589221953,-4.105948581857154,83.58476428449418,21.3891917107089,0.45367089890312895,-4.6137447003064285,2.6673141275708807,2.3466751464293454,64.32698412977966,-2.669043892263053,5.409486820936507
"f6acbe3a0dcaf64024809b01bf082137","CCCCC1(COC(=O)CCC(O)=O)C(=O)N(N(C1=O)c1ccccc1)c1ccccc1",438.4800000000001,3.5660000000000016,5.0,1.0,4.0,0.44925458740974533,0.0,104.22,0.13185088261961936,0.6348095178604126,0.888698959350586,0.011742331925779581,0.37267646193504333,0.5537066340446473,0.6287250995635987,0.010748371202498674,0.01600432163104415,0.3520872533321381,0.2860466539859772,0.6425159454345704,0.14506413489580156,0.9679147005081177,0.9334020853042603,0.008361841505393385,0.06861066296696663,0.049629997462034225,0.0835196003317833,0.014815202495083214,0.11418681293725967,0.14018655568361282,0.6366118490695953,0.3173380732536316,0.3505983889102936,0.024436485767364503,0.024622238241136074,0.0644304484128952,0.02790703782811761,0.2180329293012619,0.1822832152247429,-4.837621794514521,38.91706142960682,24.334649829955723,12.811537601401445,-8.658298641463823,2.464623055272811,-0.11941965525588674,88.01917676925838,-4.342601723425278,5.5805590145416275
"3daf6c1bd694637a015f1cee725553c0","Oc1ccc(Br)cc1-c1cc(-c2ccccc2)c(C#N)c(=O)[nH]1",367.2020000000001,4.048680000000003,3.0,2.0,4.0,0.7175364782040103,0.0,76.88,0.10597825795412064,0.2729631304740906,0.7927966117858887,0.9489718437194824,0.6976939797401428,0.4267893671989441,0.9159016013145447,0.2757892102003098,0.13653624355792998,0.6879247069358826,0.5699088275432587,0.3243449702858925,0.03990833386778832,0.931403112411499,0.9998804807662964,0.01480337381362915,0.013402056135237216,0.6011382758617401,0.33553044199943544,0.23123556673526763,0.25891878008842467,0.2192973807454109,0.8249958992004395,0.2504988297820091,0.6282019197940827,0.16095244586467744,0.38639757931232455,0.9815502166748047,0.6766790449619293,0.5209604978561402,0.6808987915515899,-5.030121429687286,87.11719840108582,34.0172529157245,-16.06307404726451,-13.590845647602325,3.1622087353955566,2.896291946561967,104.26054146490355,-5.691317781697185,-10.075077422947933
"4e442a161c724b8213cf4fa1dd3fb886","Cc1ncc(CO)c(C=O)c1O",167.164,0.40041999999999983,4.0,2.0,4.0,0.6253009937932186,0.0,70.42,0.2214483857154846,0.3275924652814865,0.8070666432380676,0.053191136196255685,0.006988982029724866,0.17011140137910843,0.003132161981193349,0.07023974508047104,0.0031806290469830857,0.24245133250951767,0.002989351493306458,0.0951380554586649,0.016502991504967212,0.23515581637620925,0.9990288734436035,0.015415568184107543,0.023231126740574835,0.01093158598523587,0.007693639630451799,0.005076080700382591,0.017988399788737296,0.004347422369755804,0.4388666331768036,0.022583498433232308,0.015910352300852536,0.002210273954551667,0.006468147411942482,0.005883681192062795,0.016911738365888596,0.477785587310791,0.011230079596862197,-4.878851281213511,0.8130079657011293,-13.633990175581522,3.955085285858747,-12.202271286167317,1.5400995996786107,-0.79891376591724,35.07300409714821,-0.6263766521628675,0.5939045794095507
"98c481e107593dfd9da6599b9e9ba8d0","Clc1ccc(cc1)-n1cc([nH]c1=O)N1CCOCC1",279.72700000000003,1.6555999999999995,4.0,1.0,4.0,0.909477410646508,0.0,50.260000000000005,0.19827647656202316,0.913809084892273,0.9627921104431152,0.6980902194976807,0.3632783740758896,0.3078903704881668,0.15941719114780425,0.17653489261865615,0.009552696673199534,0.3281002014875412,0.027532992511987688,0.10464300736784934,0.1384948708117008,0.9621075034141541,0.9997246146202088,0.013745906390249729,0.04349351450800896,0.3912236958742142,0.03762198686599731,0.008613766497001052,0.15670214146375655,0.01052677845582366,0.8898328185081482,0.021328870579600333,0.11257659494876862,0.18117974400520326,0.025290494412183763,0.02513575181365013,0.06545467972755432,0.28082355856895447,0.18769254088401793,-4.158534382371965,10.453371972286563,-15.694643348056875,-19.901280491242378,-13.556358557866579,2.655802739024467,2.249738117354475,82.71264198587133,-3.725820830500536,-0.4345157156996513
"124a488c19cee2fa7f90d6511022e01d","CNS(=O)(=O)CCc1ccc2[nH]cc(C3CCN(C)CC3)c2c1",335.4730000000001,2.0687999999999995,3.0,2.0,4.0,0.8790140987575411,0.0,65.2,0.21024998277425766,0.9664698004722595,0.7512862086296082,0.020199857652187347,0.022035150043666362,0.13758458346128463,0.006473739817738533,0.6079058885574341,0.15236057490110397,0.7352398633956909,0.011667778855189681,0.05561819262802601,0.3349591583013535,0.23610171377658845,0.9913063883781433,0.007349430304020643,0.022148764319717885,0.054161038249731064,0.005784395756199956,0.014899247419089079,0.09181546643376351,0.0006003877555485815,0.6923266410827636,0.05042487420141697,0.04609245900064707,0.00132893500267528,0.008169918623752891,0.005249853967688978,0.005380022327881306,0.5242729842662811,0.7028243064880371,-5.217497846188819,25.92539154677622,4.149591883239887,-44.06486538893358,-11.27032776923252,2.944155464135607,0.9730366637181456,59.078817047342945,-2.9281520925907163,-3.4137171032743012
"8f4c3bc1d2824e0e1b3057c14d69e225","Cc1cc(N)c2ccccc2[n+]1CCCCCCCCCC[n+]1c(C)cc(N)c2ccccc12",456.6780000000002,6.170240000000007,2.0,2.0,3.0,0.20936732950759257,0.0,59.8,0.6212451159954071,0.8566776871681213,0.4456437021493912,0.2668130487203598,0.2666081339120865,0.04727088958024979,0.04767448101192713,0.22623952627182006,0.9549341082572937,0.6951274991035461,0.46501179337501525,0.4872736394405365,0.19411355406045913,0.3200273722410202,0.8884132027626037,0.09116609469056129,0.014755895640701056,0.42123152017593385,0.8320234417915344,0.1091855987906456,0.06635285690426826,0.016203000873792915,0.6196631073951722,0.9880651473999024,0.7811332464218139,0.01652981322258711,0.10742379426956176,0.575170511007309,0.1688149869441986,0.7151236295700073,0.992373812198639,-5.916890330332502,103.15837187450902,73.7447842639901,166.50792862786693,-8.147127356978384,3.670195785170256,2.3969635816932744,99.4785696987238,-3.219026493518021,52.671069013839144
"c93a559f1060e0df0aa899eb55c69835","C[C@@H]1CC(=O)c2c(C1)ccc1C(=O)c3c(O)cccc3C(=O)c21",306.31700000000006,2.9326000000000008,4.0,1.0,4.0,0.6929239895185078,1.0,71.44,0.8065183281898498,0.39239253401756286,0.6613851070404053,0.977518630027771,0.39500795900821684,0.11072128415107726,0.5548930704593659,0.090162661857903,0.26224634051322937,0.5563745498657227,0.39616059362888334,0.08201085403561592,0.0736662408336997,0.9231620907783509,0.9997503757476807,0.05483061335980892,0.0392601571045816,0.8701238393783569,0.16118730753660201,0.37571329772472384,0.5313643634319305,0.02317514130845666,0.8624444484710694,0.3855409324169159,0.8411864042282104,0.21704671680927276,0.11884777396917343,0.9604764938354492,0.3675409138202667,0.8769609451293945,0.36664674878120423,-4.492787799305139,46.71317182397593,34.91573114264902,7.377699220479779,-7.709715242121743,2.656294337022365,2.2952617393374366,99.0470366364929,-5.302088539967684,4.360957974617087
"e09f3f074da1d083273c74904220de7c","O[C@@H](CNCCOc1ccc(CC(O)=O)cc1)c1ccccc1",315.36899999999997,2.0157,4.0,3.0,4.0,0.6170520093685552,1.0,78.78999999999999,0.04766977019608021,0.17066676765680314,0.769769263267517,0.057623694837093356,0.11088558286428452,0.2341104120016098,0.04918353110551834,0.14806437790393828,0.20401422679424286,0.22741858065128326,0.01712388005107641,0.19525814652442933,0.23942854776978492,0.15584344416856766,0.7911890387535095,0.022416426334530115,0.0969213642179966,0.025764408707618713,0.008081372221931815,0.013865012768656015,0.1726709187030792,0.06456064879894256,0.16717983037233353,0.030636081751435996,0.037545910105109215,0.007189252693206072,0.01327178832143545,0.005879054125398397,0.005284420424140989,0.29044056832790377,0.21943056285381318,-5.507600945395458,17.606398395363033,-18.551260867317474,-3.0872716966067584,-14.037672846770107,2.1496563689741324,-1.3333714804807344,64.92434326454394,-1.5944335715621503,-2.878264830443039
"8289b44b3f7530e096e22d726555cd43","Nc1nc(=O)c2ncn([C@@H]3O[C@H](CO)[C@@H](O)[C@H]3O)c2[nH]1",283.244,-2.6866999999999996,9.0,5.0,4.0,0.39813741611480424,4.0,159.51000000000002,0.551563635468483,0.48442826271057127,0.4933411031961441,0.0012746986823913176,0.0013809332973323762,0.0488420826382935,0.0023711166693829,0.014327477372717112,0.001375833425845485,0.04433637335896492,0.00014498053988063476,0.059467428177595136,0.4405426800251007,0.9610474586486817,0.6302262246608734,0.018385928496718405,0.016294352430850267,0.029222749173641205,0.029160244669765235,0.020524392556399106,0.1134924128651619,0.0012629830453079194,0.01107938545756042,0.0015330335940234364,0.15197518989443778,0.01977955000475049,0.006055169395403936,0.020901927165687083,0.6551033556461334,0.3757755994796753,0.1571125403046608,-6.359618015382101,8.35633568708471,-22.874463921863214,-1.9149133385433181,-23.8966078361986,2.309119668576039,-1.3811760319678978,29.92465835123964,-1.9708596763211044,1.699044395698765
"3fe03bca9b69bc4215f5efc110da74ee","CC(C)(C)C(=O)C(Nc1ccc(Cl)cc1)=NNc1ccc(Cl)cc1",364.27600000000007,5.446100000000003,3.0,2.0,3.0,0.431138936591189,0.0,53.49,0.042264089733362195,0.746830153465271,0.881817364692688,0.8028090476989747,0.9072866678237915,0.3657247871160507,0.8170841574668884,0.1252626970410347,0.5921207666397095,0.749126386642456,0.6571642160415649,0.7366052746772767,0.02061751242727041,0.7172540724277496,0.9999713182449341,0.0035981997731141745,0.0049359423690475525,0.7315570473670959,0.5402782261371613,0.055165305733680725,0.18930846452713013,0.05165035091340542,0.9284661531448364,0.4761876165866852,0.8035968899726867,0.03084080256521702,0.2103554427623749,0.9885276079177856,0.36083615124225615,0.5500963747501373,0.7123789429664612,-4.928981565317966,64.9171700440056,39.40181113201405,70.53174716140788,-7.692436039201581,3.1407127542934377,3.580233626355595,103.5648844524432,-6.273483957541318,19.146764256831293
"e63626084f8cbc66ad18c676ef4b4d64","COc1nccnc1NS(=O)(=O)c1ccc(N)cc1",280.30899999999997,0.8681999999999999,6.0,2.0,4.0,0.8045216732232587,0.0,107.2,0.018859510589390994,0.6748514294624328,0.925054669380188,0.009608305292204022,0.024707933887839317,0.4332995653152466,0.0488059401512146,0.0449811689555645,0.0020329653314547615,0.21116330921649934,0.02482849396765232,0.2208515852689743,0.03403153112158179,0.9826251149177552,0.9975918769836426,0.005789774795994162,0.023986826464533807,0.0131270719692111,0.003197683527832851,0.0018821199802914635,0.020169326104223728,0.00020249589724699035,0.4269991874694824,0.009262928320094944,0.011645341198891402,0.0005695250263670459,0.0025595958810299634,0.003180724091362208,0.0020502146217040718,0.10912229530513287,0.03386175502091646,-5.017971141473092,-1.4941686001432644,-5.185297401810468,-26.309401447336008,-13.105031025203672,1.743330235476114,-0.39091046707960075,84.05757436929878,-2.928825361546419,-8.517507732572591
"577ba8134543ed7a0f8183f08619041a","CN(C)CCCSC(N)=N",161.274,0.56477,3.0,2.0,4.0,0.35981202699991244,0.0,53.11,0.09215980637818574,0.8612501740455627,0.7101447701454162,0.00010809976647578879,0.000303025811444968,0.041155777871608734,3.199289296844654e-05,0.5282468259334564,0.001380098582012579,0.11944862082600594,2.8842306343479508e-06,0.061192994564771654,0.02253154986537993,0.002704440918751061,0.29027969716116786,0.0008824351651128381,0.00718813450075686,0.00015237946499837562,0.0001281879107068562,0.0038347146939486263,0.14632798582315446,1.3465780613586275e-05,0.26614595893770454,0.006655746791511774,0.0614273015409708,5.0242092993357804e-05,0.0001348595111267059,6.203591274243082e-05,5.212732576183043e-05,0.9111089110374451,0.3640790551900864,-5.939995200792017,-24.13300391620267,-55.86570845792123,-11.613792723014777,-9.794379030998503,2.5576307286684488,-2.646718355389347,-39.28408092271208,0.166383895466089,5.050925631118036
"30cc530e3b74dcbd77bfe890a081207a","Fc1cn([C@H]2CCCO2)c(=O)[nH]c1=O",200.16899999999998,-0.015300000000000036,4.0,1.0,4.0,0.6927125296086033,1.0,64.09,0.8443591952323913,0.9306878805160522,0.9862745642662049,0.008219850459136068,0.003881959046702832,0.20433481484651567,0.004157534858677536,0.05181124247610569,0.0001412285568221705,0.2287421554327011,0.00022873927518958227,0.3254653364419937,0.19242042899131775,0.9771859526634217,0.9984649538993835,0.00700718997977674,0.013502969220280648,0.003959796321578324,0.01032659001648426,0.01300269360654056,0.09277631118893623,0.0034104242571629585,0.48565866947174074,0.005152245727367699,0.050282981246709824,0.01826504650525749,0.00490609803237021,0.0036494675325229762,0.2404623817652464,0.6790306210517884,0.027857004106044768,-4.268835646103158,44.47516067026659,0.0037803102151272583,-11.251501885633377,-16.11226805335145,2.5870013326088186,-0.7052802626899569,46.8875068519933,-0.9072032209217188,0.39753498939109216
"7789c2c659f9f661f6894f8ff0d3f6e3","COc1nccc(n1)-c1c(ncn1C1CCNCC1)-c1ccc(F)cc1",353.40100000000007,3.0793000000000017,6.0,1.0,4.0,0.7808336815511911,0.0,64.86,0.3678624093532562,0.9166207551956177,0.9612503051757812,0.46182759404182433,0.4177272617816925,0.17215577363967896,0.2974990740418434,0.3733413189649582,0.20975733548402786,0.5922736167907715,0.7135834336280823,0.07487813420593739,0.7923681378364563,0.6669686675071717,0.9999399542808532,0.004317718581296504,0.012872555665671826,0.23479556143283845,0.12601352632045745,0.010017237556166948,0.040906495228409764,0.003869407228194177,0.9658135771751404,0.18000822886824608,0.12861298173666,0.026464030845090747,0.01192055344581604,0.010268474835902453,0.025331921875476837,0.1850472316145897,0.8344644188880921,-4.788036141379033,-2.008293931295529,-8.30867518995049,-5.852513856122413,-9.655818255712719,2.7637286041233975,0.8204230205515659,62.569869460348954,-2.4281785443692767,-0.3465865788987692
"f1109ff8cec4ddf304195120280300c8","CN(C)C(=O)C(=O)c1cn(C)c2cc(Cl)c(cc12)C(=O)N1CCC(Cc2ccc(F)cc2)CC1",483.9710000000003,4.336600000000003,4.0,0.0,4.0,0.40045947113599234,0.0,62.620000000000005,0.11761361658573151,0.9286339163780213,0.8526454448699952,0.08786680325865745,0.7515980720520019,0.370098614692688,0.6226818084716796,0.159333997964859,0.07723650857806205,0.8858245611190796,0.7298795223236084,0.2533279448747635,0.24961483776569365,0.8194044232368469,0.9998178601264953,0.0060900711920112375,0.009504827577620745,0.12526672556996346,0.08555444031953811,0.004627623362466693,0.036885707452893254,0.009240262676030397,0.9895349383354187,0.9850406050682068,0.5752106308937073,0.016017560195177794,0.07990871518850326,0.14978149458765982,0.02890292853116989,0.14082079082727433,0.8308745861053467,-4.439065773272865,32.16435008077389,37.00124225093116,53.81613445987252,-9.529237142391738,3.5165491033906315,3.581537491998006,97.8745453336971,-4.387520240538381,-2.0323658155823536
"0a35a17e1423294818fc3c87241ba2e7","N#Cc1cccc(c1)-c1c[nH]c2ncnc(N3CCOCC3)c12",305.34100000000007,2.3331799999999996,5.0,1.0,4.0,0.7859546023469239,0.0,77.83,0.5294102370738983,0.8153486609458923,0.9490861058235168,0.9892052292823792,0.3261112332344055,0.2675167642533779,0.12059092782437801,0.4023668020963669,0.043293630331754686,0.42248992919921874,0.8588058352470398,0.04133908636868,0.19035982266068457,0.9729784369468689,0.9999811887741089,0.043179364502429964,0.02512046955525875,0.7753124713897706,0.34419909566640855,0.040538647398352626,0.10379456430673599,0.01364375976845622,0.9567696571350097,0.06237415764480829,0.14716628789901734,0.2250632017850876,0.024023227207362653,0.2108946532011032,0.446822589635849,0.2800901398062706,0.8391132712364197,-4.643687278073466,30.948553165603858,15.431954169793908,1.0866926559343562,-13.140770662445288,2.3199156922912465,2.563025934837879,90.32160493854016,-4.415403863887851,0.1517786113414436
"5150242808936c9a550434875864998e","CCN(Cc1ccccc1)C(=O)Cn1c2nc(ncc2n(C)c1=O)-c1ccccc1",401.4700000000001,2.8457000000000017,6.0,0.0,4.0,0.4980296222616731,0.0,73.02000000000001,0.3730072289705276,0.8788041949272156,0.8405161142349243,0.3097266584634781,0.5312555134296417,0.5246167421340943,0.5231428921222687,0.11079380661249161,0.1465495966374874,0.7774582624435424,0.6237691044807434,0.16952799260616302,0.39531206488609316,0.78615962266922,0.9987448453903198,0.024136793427169324,0.053436611965298655,0.1341038852930069,0.11136065199971198,0.019274090137332677,0.08415811136364937,0.02446145936846733,0.9831898808479309,0.9341352820396424,0.3362248659133911,0.05649076923727989,0.03439039289951325,0.042392341513186695,0.010335425473749637,0.3060650795698166,0.8456775188446045,-4.8714993919369265,68.21866581714762,67.7594961480612,-4.800663554104299,-8.815104904832516,2.549237261416615,3.396836098199169,87.57908948770537,-3.949298262401883,-1.8072792275749414
"eddb34ae0a58ea4e5723b8a540d8b4c4","COc1cc(NS(=O)(=O)c2ccc(N)cc2)nc(OC)n1",310.3350000000001,0.8768,7.0,2.0,4.0,0.7870878791639985,0.0,116.43,0.01279784666839987,0.7725504159927368,0.9528270959854126,0.023070850037038328,0.06248345710337162,0.4871008634567261,0.07318509556353092,0.06787162646651268,0.0024753045261604713,0.18625491559505464,0.1565635547041893,0.16238846108317376,0.03207961656153202,0.9859611392021179,0.9992198348045349,0.003025678195990622,0.014097022078931331,0.013316521048545837,0.003001728549133986,0.0015484864052268676,0.013840645644813776,0.0002048089460004121,0.5174171805381775,0.009614525269716978,0.013712815567851066,0.0008554034313419834,0.0009465380397159606,0.005029370868578553,0.0013749616162385791,0.08430071547627449,0.044393549859523776,-5.007118735709831,15.502507955650145,-1.7457277946748646,-17.084039618362816,-12.720755995780985,1.7621441916205083,-0.02653214627493585,86.43093982018338,-3.3299851838948897,-6.159206058660025
"2de516aef384b02d345f25de96999b9a","CCc1ccc(OCc2ccccc2C(=O)Nc2ccc3nc(C)cc(N)c3c2)cc1",411.50500000000017,5.5191200000000045,4.0,2.0,3.0,0.4379463101604092,0.0,77.24,0.7372321367263794,0.6093141734600067,0.9205812454223633,0.2991271257400513,0.8637914538383484,0.4608275771141052,0.6822531938552856,0.21591308414936067,0.1366690807044506,0.8445832133293152,0.8166792035102844,0.6194646954536438,0.23893780410289764,0.9321515440940857,0.9997112035751343,0.01210645129904151,0.03778734505176544,0.8261550903320313,0.39244404435157776,0.04231712110340595,0.25826096534729004,0.09193384125828744,0.8456920027732849,0.9662077903747559,0.7916605472564697,0.12442793995141983,0.2002059370279312,0.7990373492240905,0.3105970025062561,0.23773416876792908,0.930922019481659,-5.403564122329394,64.34975601834387,54.56841625541411,79.21541176935193,-10.86349595623175,3.1053719475721504,3.820975268922549,101.30265075009098,-5.34406167146412,-0.11843927092769571
"a6fc44018f7847ce549a16ea4e6bea6b","CCN(CC)CCCCC1CCN(CC(=O)N2c3ccccc3C(=O)Nc3cccnc23)CC1",463.6260000000002,4.536100000000004,5.0,1.0,4.0,0.5533188105957564,0.0,68.78,0.2636168092489243,0.9884897947311402,0.48151966333389284,0.10159424915909768,0.20552923530340195,0.08128803372383117,0.2171444684267044,0.47034590840339663,0.9300879001617431,0.7745929837226868,0.48262410163879393,0.18378970995545388,0.8195143818855286,0.33137437105178835,0.9967902302742004,0.012226978875696659,0.016827895864844324,0.19742150157690047,0.04223160780966282,0.0038772862404584884,0.030846328660845756,0.0015460768132470547,0.9233130693435669,0.9052787899971009,0.2649115175008774,0.013685589004307986,0.01939490158110857,0.07232230082154274,0.02728771585971117,0.47170446515083314,0.9895931959152222,-5.367516703020013,42.61805510503551,29.1271186065921,45.352202276272365,-8.747815202720128,2.781636362330171,0.6636981797123243,79.71234740161418,-2.7484394675198827,12.502574455616875
"39dae49a1628eec7815829e200c6eb5a","CC(=O)O[C@H]1[C@H](C[C@H]2[C@@H]3CC[C@H]4C[C@H](OC(C)=O)[C@H](C[C@]4(C)[C@H]3CC[C@]12C)[N+]1(C)CCCCC1)[N+]1(C)CCCCC1",572.8750000000001,6.110500000000007,4.0,0.0,2.0,0.30133279842362654,10.0,52.6,0.010063632531091571,0.2881197094917297,0.05692525804042816,0.0007196287484475761,0.0007480161941202824,0.010698484582826495,0.0002836413185832498,0.36576988995075227,0.08459551110863686,0.6699188649654388,0.001456064614467323,0.0020753013901412486,0.0028695173197775146,0.0074448118219152095,0.006523075990844518,0.011800265312194825,0.05696864575147629,0.0006471206303103827,0.00879495134577155,0.03213716372847557,0.24346749782562255,8.368660307951359e-05,0.8092285990715027,0.229609402269125,0.04507409650832415,0.0009928418061463163,0.001045196370978374,0.013610767107456923,0.001870352160767652,0.6982078731060029,0.8446493029594422,-5.683246379374202,71.42278486031545,34.54626642564257,-3.635188212999897,-5.35650230531855,2.729327478008859,1.314400216194878,64.5738256691435,-3.092150830090399,-3.809075946231924
"50868c205a63a70ae298cee77ea88486","CCOc1c(cc(Cl)c(F)c1[C@@H]1CNC(=O)C1)[C@H](C)n1nc(C)c2c(N)ncnc12",432.88700000000017,3.120920000000001,7.0,2.0,4.0,0.6408846527667189,2.0,107.95,0.21982695758342743,0.7798500657081604,0.952502179145813,0.008851125789806246,0.05799749456346035,0.08961429931223393,0.04095118623226881,0.02573589328676462,0.0043895838782191275,0.7343042492866516,0.7925365209579468,0.13985901921987534,0.220218288898468,0.9586910843849182,0.9995330572128296,0.028814687579870223,0.15722920447587968,0.059192567318677905,0.2723919540643692,0.02440531998872757,0.08523271307349205,0.017610539309680463,0.9252592563629151,0.09470311775803567,0.2544451653957367,0.01816031839698553,0.0024565343279391526,0.015489136427640915,0.07936563268303871,0.05730438083410263,0.2888314127922058,-5.150061081649072,23.14184344063277,63.91664956727834,24.92718067351728,-11.800932395153232,2.9988699154637786,2.4165704300247084,87.14286442333363,-4.593578835769368,1.5202696371840507
"e53ce390a1a2cf69ad7c7ce9604fc075","COC(=O)Nc1ccc(cc1)-c1nc(N2CCOCC2)c2cnn(C3CCN(CC3)C(=O)OC)c2n1",495.54000000000036,2.911500000000001,10.0,1.0,4.0,0.5816604848662174,0.0,123.94,0.18028638288378715,0.7784966230392456,0.7991922974586487,0.0832001257687807,0.16136815547943115,0.13942622393369675,0.21203227639198302,0.11284584254026413,0.0095149340108037,0.602886825799942,0.30729771256446836,0.05560705792158842,0.3896432340145111,0.9635841488838196,0.9966327309608459,0.01162747647613287,0.01666159313172102,0.34525723159313204,0.06590976566076279,0.016186911426484586,0.08478761240839958,0.015754630230367182,0.9355349540710449,0.33950188755989075,0.5418222367763519,0.1106605127453804,0.03739134781062603,0.16837224066257478,0.3926544219255447,0.141608165204525,0.7749865174293518,-4.625744440974849,6.594654458762963,41.690890174866986,-17.04705374468507,-11.40161723794076,2.898933043645285,2.7396600281614463,85.37446827648418,-3.793921530138591,-2.512266986356196
"c96ab80f3dbd2be4fdc44cba1d177fe6","C[C@@H]1O[C@@H](OC[C@H]2O[C@@H](Oc3c(oc4cc(O)cc(O)c4c3=O)-c3ccc(O)c(O)c3)[C@H](O)[C@@H](O)[C@@H]2O)[C@H](O)[C@H](O)[C@H]1O",610.5210000000004,-1.687100000000001,16.0,10.0,1.0,0.13951784322162464,10.0,269.42999999999995,0.6044700980186463,0.060106245800852776,0.18070682287216186,0.011189552227733657,0.030353762209415436,0.025856920517981052,0.01590816769748926,0.01847925065085292,0.031925976648926734,0.4020738571882248,0.011117587226908653,0.025256730616092682,0.19547255337238312,0.7464560270309448,0.09081275202333927,0.1140410102903843,0.07941391840577125,0.1062511507421732,0.13766552619636058,0.2029876157641411,0.2871782809495926,0.007912404579110443,0.08870662376284599,0.13806428015232086,0.17953015565872193,0.07094024755060672,0.01775471054716036,0.11478120386600495,0.21265978813171388,0.21299431920051576,0.6427117228507996,-6.818309721702501,25.497765243518792,40.082462663374294,49.7106370223031,-15.658932026639047,2.896280876697114,0.7694964625858274,85.02564804367351,-3.8640007408450936,6.411981405255064
"26ec486af83a44c5f0fe4cc70916517a","CC[C@@]1(O)C(=O)OCc2c1cc1-c3nc4ccccc4c(CCNC(C)C)c3Cn1c2=O",433.50800000000027,2.6201000000000008,7.0,2.0,4.0,0.4701952224444988,1.0,93.44999999999999,0.6259179949760437,0.6319546699523926,0.8025044322013855,0.1960592731833458,0.13634583726525307,0.07592008747160435,0.14309730976819993,0.0881519891321659,0.18304337561130524,0.6518491625785827,0.7196417570114135,0.16366343647241594,0.6527704477310181,0.6806573510169983,0.9907917857170105,0.1812407061457634,0.06024496480822563,0.1541107639670372,0.40642074048519133,0.06500068157911301,0.09342760592699051,0.0715503104031086,0.8800730466842651,0.7416330695152282,0.13202431350946425,0.057938657328486444,0.09243237674236297,0.4242789804935455,0.3958858549594879,0.5419406056404114,0.8289961338043212,-5.122885359096328,17.609990452421766,18.877186109142123,73.75542527986481,-9.957574280162676,3.419712234507572,0.5973709655377644,62.27693127081053,-2.85504029488136,4.627767803548561
"5e229f2dc11b40c17274003a45966689","[H][C@]1(Cc2ccccc2)NC(=O)[C@H](Cc2cnc[nH]2)NC(=O)[C@@H](C)NC(=O)[C@]([H])(CSSC[C@H](NC(=O)[C@H](Cc2c[nH]c3ccccc23)NC(=O)[C@H](CCCNC(N)=N)NC1=O)C(N)=O)NC(=O)[C@H](CCCNC(N)=N)NC(C)=O",1117.3339999999996,-2.756060000000013,14.0,17.0,1.0,0.020777692191421938,8.0,444.15999999999985,0.49924810528755187,0.10486179068684578,0.27243530452251435,0.005710317275952548,0.15619840174913407,0.0397109542042017,0.07067299224436283,0.1356109768152237,0.26134644225239756,0.8000066637992859,0.610252982378006,0.04344358872622252,0.23117449432611464,0.35917472541332246,0.2941819250583649,0.028913429751992226,0.03746998384594917,0.012764998991042376,0.02976033594459295,0.2462053991854191,0.17892139703035354,0.01999083561822772,0.16812438070774077,0.6457141637802124,0.32348679304122924,0.08962476402521133,0.03412015773355961,0.026514430530369282,0.14647829309105873,0.22351741045713425,0.7503706693649292,-7.784682975297703,37.67344100951509,57.48341563847636,20.4481198490602,-16.334949014403865,2.8611715820823975,-0.5543070252155665,50.58995199198567,-2.0341678671179197,-2.8578275411572855
"d9555012f9f1408d87a88ed085f446fa","CCN[C@H]1C[C@H](C)S(=O)(=O)c2sc(cc12)S(N)(=O)=O",324.44900000000007,0.612,6.0,2.0,4.0,0.8471269771691101,2.0,106.32999999999998,0.21296672523021698,0.708279263973236,0.7106410980224609,0.019001215836033224,0.026528413663618265,0.3635141909122467,0.008146655943710357,0.0657290130853653,0.026884484780021013,0.624904215335846,0.04999687634408474,0.3772426098585129,0.06926047317683696,0.8549692153930664,0.9894731044769287,0.032837127707898615,0.02925037741661072,0.01508401723112911,0.02530885790474713,0.021146171679720282,0.05984118077903986,0.0026067937258630993,0.607510644197464,0.07432280629873275,0.13949299603700638,0.0022905712947249414,0.014062853576615453,0.0418512174859643,0.0258180673699826,0.35701520144939425,0.04708365499973297,-5.70546408420446,68.88726425463422,-10.25057983088622,51.78934877396807,-10.661937978782074,2.7389195595336,0.25646662744592186,56.99727244070922,-2.0472474899547364,1.3030108000952905
"1c4d407136d65ac15c9a8a0263752f29","OC(=O)CNC(=O)c1c(O)c2ccccc2n(Cc2ccccc2)c1=O",352.34600000000006,1.5698,5.0,3.0,4.0,0.6458011481954885,0.0,108.63,0.045836038142442706,0.4832310378551483,0.9339504837989807,0.029889482259750366,0.10084236413240433,0.6611327290534973,0.13472436517477035,0.043450521491467956,0.013433831371366977,0.2001396894454956,0.015759321581572294,0.30396429896354676,0.19577131867408754,0.9313413858413696,0.9392833232879638,0.007073514675721526,0.031010970845818518,0.08054931834340096,0.01101774643175304,0.015371651761233807,0.09810536578297616,0.08014757037162781,0.290614578127861,0.03462020177394152,0.067416812479496,0.009820438595488668,0.014038342656567693,0.011375272180885077,0.00876867319457233,0.18240492194890975,0.03222835250198841,-5.232830929230422,2.242066959961825,2.8786842214490065,14.246920943899065,-14.959269980147644,2.741214928219315,-1.6837647662500015,84.97809729809322,-3.2477328095720117,3.1036638528860516
"0268f204b1ec56ffdd71c687b3496459","CCN(CC)C(=O)c1cccnc1",178.235,1.5636,2.0,0.0,4.0,0.7034123696222642,0.0,33.2,0.07216351740062237,0.9662407875061035,0.8796108365058899,0.0915339931845665,0.0391341969370842,0.2131773591041565,0.009804777707904578,0.08236494287848473,0.0024924571247538553,0.26074496656656265,0.02726998571306467,0.036658241599798205,0.0171346515417099,0.14578000828623772,0.9999734163284302,0.0008454317776340758,0.003083179914392531,0.009587783529423178,0.005921154632233083,0.002575218660058454,0.030620602192357183,5.049967953709711e-05,0.978979766368866,0.0008943154571170453,0.0035932534199673684,0.00022028746618616424,0.0022172497818246486,0.0004287716332328273,0.00013684589999911622,0.627233338356018,0.022210471983999013,-3.7029136337033592,94.85843307686613,72.0068805038902,8.567668773337664,-9.911917054539549,2.5089568328369167,0.3998159596425318,15.060782045792275,0.4769577898582821,-5.9350336793232925
"67cc686c3baf3e3868ec2169ae12ba15","COc1cc(ccc1Nc1ncnc(Nc2ccccc2S(=O)(=O)C(C)C)n1)N1CCC(CC1)N1CCN(C)CC1",580.7590000000001,3.7657000000000025,11.0,2.0,2.0,0.3853845763077602,0.0,115.82,0.09349331185221672,0.6760125577449798,0.70358966588974,0.07412695903331042,0.23087481111288072,0.2945124849677086,0.07604866251349449,0.34913867712020874,0.29799510836601256,0.812788474559784,0.7341598272323608,0.22321319729089736,0.6856531858444214,0.8592200756072998,0.9779104948043823,0.005037625366821885,0.009379707276821136,0.1254375845193863,0.07153210267424584,0.020590439811348914,0.022513902559876443,0.009977291338145733,0.8574631333351135,0.4453189581632614,0.48685300052165986,0.02978753261268139,0.04457489922642708,0.31384592652320864,0.22064088135957718,0.1443245902657509,0.9507357954978943,-5.35862980235152,5.243106157618852,41.5740578532652,20.33691100208902,-10.08589378622209,2.836661740391439,2.054001407744361,79.4057826085876,-3.535222169624423,7.528088263270057
"16a38b729edc5f5fa4af755d55af6359","O=C(N1CCCCC1)c1ccc2nccnc2c1",241.29400000000004,2.2559000000000005,3.0,0.0,4.0,0.768949563083012,0.0,46.09,0.17997659668326377,0.9901070356369018,0.9120306849479676,0.5957391262054443,0.44114806056022643,0.2853817671537399,0.11804344616830349,0.38022826611995697,0.008352123154327273,0.41063947081565855,0.05470141172409058,0.027822443284094334,0.2328219383955002,0.6603492975234986,0.9999105930328369,0.0066258378326892855,0.03310458958148956,0.06986077278852462,0.023334509506821633,0.006851651216857135,0.23064909875392914,0.001407463860232383,0.9774089694023133,0.0448072362691164,0.06066889464855194,0.02147902799770236,0.01568382643163204,0.0023358922800980507,0.00507109024329111,0.5015817403793335,0.2477692261338234,-4.189047435215305,54.23464125951536,36.36752557499834,8.194799934947774,-11.855649425185115,2.4814066584641132,1.3616372324976556,50.719096586310364,-1.9046685566249981,-2.1411989771821918
"9094f5c62e5b09d08622b6dda9a5ffc7","O=C1C(C(=O)c2ccccc12)c1ccccc1",222.243,2.849400000000001,2.0,0.0,4.0,0.6951125798613664,0.0,34.14,0.15443113967776298,0.9359716296195983,0.9292223930358887,0.6404345512390137,0.4630387872457504,0.4324995636940002,0.38355399668216705,0.1341707468032837,0.016142075788229703,0.3400444149971008,0.03416320905089378,0.21785739213228225,0.03265760550275445,0.8814189434051514,0.999970269203186,0.01318544300738722,0.033757913112640384,0.25019548237323763,0.021618224680423737,0.01598546402528882,0.22819051891565323,0.008802194194868208,0.9355972409248352,0.1092338682152331,0.1501249447464943,0.05830943137407303,0.007897875551134349,0.49452289938926697,0.022227738983929157,0.6118768215179443,0.04703575149178505,-4.134224601888074,56.0856800947377,18.930544763835275,13.457611397576892,-8.169886258274161,3.026768664395459,2.3157396581112666,77.82736344675686,-3.919226534910174,-2.004832148100079
"5cf93e5fa9623f89f07cb7686c77d75a","CCC(C)(C)NC(=N)NC#N",154.21699999999998,0.7700500000000001,2.0,3.0,4.0,0.23794607031596085,0.0,71.7,0.02819584244862199,0.5264346331357956,0.6460283994674683,0.10553480684757233,0.15836545191705226,0.05305961724370718,0.03009985820390284,0.257919055223465,0.08951468393206596,0.3526698470115662,0.04245986565947533,0.30901928544044494,0.012079987162724137,0.05974983246996999,0.9909301638603211,0.0013645372033352031,0.003432820225134492,0.004964632805786096,0.005112667614594102,0.05160354860126972,0.04382167533040047,0.0006451776076573879,0.8039505124092102,0.005906536965630949,0.05894222371280193,0.00047583179984940217,0.015523839462548494,0.009014211222529411,0.001539154618512839,0.8228219985961914,0.035931185446679594,-5.1796641713118206,4.70237331035847,5.195530183137514,-0.825345754643083,-7.965073697059223,2.0487347049083278,0.21571598034550582,48.70040849168464,-1.216143187002708,0.2469326935667837
"7f4bb3aaaaef762a6f3a5847eb3a067e","COc1ccc(cc1)C(=O)C(\Cc1cc(OC)c(OC)c(OC)c1)=C(/C(O)=O)c1ccc2OCOc2c1",506.5070000000003,4.4135000000000035,8.0,1.0,3.0,0.3157319109838129,0.0,109.75000000000003,0.012823069375008345,0.29791094064712526,0.8744380950927735,0.055362079106271264,0.37127788066864015,0.2984410375356674,0.6338207364082337,0.023818138241767883,0.03745907871052623,0.6070756077766418,0.7956324338912963,0.09188976734876633,0.02851080261170864,0.9767252683639527,0.9695857763290405,0.010939332924317568,0.017321367748081684,0.3335015714168549,0.09021483808755874,0.011724653095006943,0.029824747145175932,0.24949223399162293,0.7102641344070435,0.7075702786445618,0.492960649728775,0.012448236625641585,0.06744264960289001,0.226486998796463,0.1036124050617218,0.10029210597276687,0.38052364587783816,-5.110815993866259,30.089092424587893,35.33485529035729,16.733467849395964,-8.471657857828658,3.3186468458307106,1.2400174228010024,94.44321358352211,-5.470169468912819,8.633036489383581
"8e19f33434dae0be5e48abaf00622699","C(CN1CCOCC1)Cc1ccc(COc2ccccc2)cc1",311.425,3.530400000000003,3.0,0.0,4.0,0.780613912504037,0.0,21.700000000000003,0.4647410333156586,0.93140709400177,0.8785034537315368,0.44995065331459044,0.6822535753250122,0.24389880001544953,0.08128944784402847,0.6302109360694885,0.8468002557754517,0.557986706495285,0.36810696721076963,0.10606117621064186,0.48848084211349485,0.13771313950419425,0.9985860347747803,0.004753850493580103,0.016737531498074533,0.07972147837281227,0.1309732362627983,0.03642725460231304,0.15129930675029754,0.014708390086889267,0.9512261390686035,0.7227177381515503,0.3883801609277725,0.011446890234947205,0.08450530096888542,0.09227648377418518,0.015229936130344868,0.8445132613182068,0.9465853095054626,-4.5418372548324255,97.24594086881274,26.06088984090285,-13.94542021823357,-6.116073663309862,2.612186586721513,3.3057127171086833,84.30813594773538,-3.2402051000563494,0.18216236161545946
"dd1eede9bad6c5dacf02d1c75bab01bd","Nc1c(CC(O)=O)cccc1C(=O)c1ccc(Br)cc1",334.169,2.889400000000001,3.0,2.0,4.0,0.6654785528464892,0.0,80.39,0.07647902220487594,0.8170548677444458,0.9574722647666931,0.07843288816511632,0.24725984185934066,0.5780307531356812,0.240825155377388,0.029795030131936073,0.03623298034071922,0.21884634494781494,0.03053314909338951,0.4209486901760101,0.16118988394737244,0.93659747838974,0.9952298641204834,0.01696602990850806,0.06174825690686703,0.12747017294168472,0.03166530393064022,0.026120217982679605,0.17450662404298783,0.3034140169620514,0.3383692890405655,0.019098118972033264,0.13157719895243644,0.04270939715206623,0.018471837602555753,0.04314641542732715,0.05321603678166866,0.32948079109191897,0.03824554048478603,-4.795550512664731,29.374334227292128,3.5659320588264385,-8.761923139229173,-10.156787242403109,2.596513904785199,0.059644826919510896,85.50152406306246,-4.2443654161154125,-1.5198060887536482
"d0c58fea60117e8bac5c6d8dad2672fc","COc1ccccc1NC(=O)OCC1CCN(CC1)C(=O)OC(C)(C)C",364.4420000000001,3.890800000000003,5.0,1.0,4.0,0.8769049263454404,0.0,77.10000000000001,0.18410375118255615,0.9706995606422424,0.8781171917915345,0.09910363331437111,0.5980884909629822,0.3190848246216774,0.2198225051164627,0.4219083607196808,0.06208402216434479,0.8586551785469055,0.3411261409521103,0.08493485301733017,0.1708891659975052,0.4178345620632172,0.9998466730117798,0.0011491807992570103,0.012493401952087878,0.3705460369586945,0.03413260579109192,0.010657538427039981,0.09751432090997696,0.004598330729641021,0.9955787301063538,0.140257129073143,0.2664672017097473,0.016699047572910786,0.02784603275358677,0.05950190052390099,0.03480226807296276,0.11288065016269684,0.735314953327179,-4.161058160391067,69.70515747618353,53.7447406112198,-27.743835550757716,-7.880057470391428,2.8674931631828415,3.501764261506775,96.01841059569054,-4.217742411263746,5.439009765174154
"fc29b367f272aa98b2654a9ff2c1bc71","CC(C)S(=O)(=O)NC[C@H](C)c1ccc(cc1)-c1ccc(CCNS(C)(=O)=O)cc1",438.6150000000002,2.8766000000000007,4.0,2.0,4.0,0.5965691410312628,1.0,92.34,0.4027419090270996,0.4913069784641266,0.7660099029541015,0.24910173267126084,0.4981803327798843,0.45435708165168764,0.390561842918396,0.29590711146593096,0.31922944337129594,0.8338808655738831,0.8668746709823608,0.6126791954040527,0.2298456221818924,0.6413727283477784,0.990124523639679,0.046773194894194604,0.04444294236600399,0.07209019511938095,0.15451136529445647,0.08068251088261605,0.1010751947760582,0.098853250592947,0.9124437928199768,0.276704777777195,0.35056926906108854,0.010990198561921715,0.06308569274842739,0.19301289245486258,0.050468114018440244,0.5345539629459382,0.8281794667243958,-5.381388205716091,36.52859178416219,60.5435722482073,-28.315169604252283,-7.293006989121329,2.354469643335808,2.3909032764497424,87.24070505947324,-3.9117925443241552,-7.467097886206714
"00f337bf0e92d5a9c7b5e8cb1f41eafd","OC(=O)c1[nH]c2cc(Cl)cc(Cl)c2c1\C=C\C(=O)Nc1ccccc1",375.21100000000007,4.824800000000002,2.0,3.0,4.0,0.5717894634646971,0.0,82.19,0.27438288629055024,0.5769160032272339,0.8890861392021179,0.5950498521327973,0.4980738401412964,0.30084783732891085,0.604339200258255,0.033187496848404406,0.17607620358467102,0.19426764249801637,0.13630972057580948,0.3368240237236023,0.14045494943857192,0.9865202307701111,0.9957620739936829,0.026715815253555774,0.06473049074411392,0.8472453713417053,0.13549840152263642,0.05805743485689163,0.19940853118896484,0.2125144675374031,0.5479178071022034,0.12687491290271283,0.6984462380409241,0.25508511662483213,0.27733372449874877,0.7139928936958313,0.4009847939014435,0.42929624021053314,0.17759260088205336,-5.098795398476264,34.539515353799516,13.2680049386261,26.775056579739356,-12.809898769417012,2.461079863742099,1.5585705139582178,98.8230885841701,-5.664791252619207,2.415037501804595
"274069cbfc72bdcb0a1276ae346802b2","COc1ccc2nc(SCc3ncc(C)c(OC)c3C)[nH]c2c1",329.42500000000007,3.884240000000002,5.0,1.0,4.0,0.7197842941436541,0.0,60.03000000000001,0.5624469101428986,0.7080673336982727,0.9422219038009644,0.9910429835319519,0.9510762095451355,0.34324153065681456,0.5076810956001282,0.504375284910202,0.5221442013978959,0.7505409479141235,0.9720518350601196,0.0251359679736197,0.03210592456161976,0.8557883143424988,0.9999911069869996,0.003957510006148368,0.008616716833785176,0.9448174953460693,0.3533650189638138,0.039973321557044986,0.21776557266712188,0.029217249900102615,0.9820725560188294,0.4900213718414307,0.4159720718860626,0.1615954965353012,0.16170910149812698,0.24597856104373933,0.06992003843188285,0.34132758975028993,0.7548714399337768,-5.019207178129212,60.31066220475947,53.28297564963642,5.664627712827917,-10.19803594980294,2.102586807616132,3.004485699248086,90.57375942303761,-4.184422617529676,0.35132530173283333
"35943d18435280b4cc20cceea63c470b","CCCCCCC[n+]1ccc(cc1)-c1cc[n+](CCCCCCC)cc1",354.5820000000002,5.869400000000007,0.0,0.0,3.0,0.31383715776282944,0.0,7.76,0.17886603474617005,0.5728093385696411,0.2922737583518028,0.21993905305862427,0.12962389439344407,0.07107447311282158,0.020596221415326,0.21680710166692735,0.7021008372306824,0.43815035820007325,0.044537717057392,0.36644586622715,0.053272499035711005,0.06912151873111724,0.3611702801659703,0.1221472978591919,0.02262372076511383,0.07011909186840057,0.905313766002655,0.2134525939822197,0.2589053988456726,0.01985909310169518,0.7969869375228882,0.9790668845176697,0.9500494360923767,0.012616881961002946,0.341622357070446,0.8749540686607361,0.08213925883173942,0.9484071612358094,0.9748814940452576,-4.998621675619139,105.55313036809602,57.47959406214717,121.56585957012035,-3.039111615388893,2.46503403582892,3.2987643146287824,93.45237936360766,-4.4894803651802055,48.45877787451775
"60038aceb82ce8765b8e478c1f30c433","OC(=O)CCC\C=C/C[C@@H]1CO[C@@H](O[C@@H]1c1ccccc1O)C(F)(F)F",374.355,4.185900000000005,4.0,2.0,4.0,0.5529778255082834,3.0,75.99000000000001,0.7595883250236511,0.9327247500419616,0.885962986946106,0.031675741216167806,0.13635729178786277,0.23753629624843597,0.08480911450460553,0.1450498014688492,0.027812164975330234,0.6382125377655029,0.07731164358556271,0.555739027261734,0.2494591549038887,0.23339263163506985,0.9961489915847779,0.009660519380122422,0.042550818994641304,0.01520068133249879,0.13681963160634042,0.06387718766927719,0.1655416414141655,0.10648234635591507,0.5707138180732727,0.17909942120313643,0.19002046287059784,0.009694973332807421,0.04491379968822003,0.08944052867591382,0.079999496974051,0.43908601999282837,0.3328590363264084,-5.016534802712618,72.7870631615393,18.964938349359766,3.140922572549692,-6.7686305294565186,2.869909231803793,1.5341763204836323,96.7322289135851,-3.9340385504057087,-2.38467834462678
"063e50be81bf61eb8a8f0f5a6ed9ca7d","OC(=O)[C@@H]1CCCN1",115.13200000000002,-0.177,2.0,2.0,4.0,0.4982089208893278,1.0,49.33,0.13102066814899443,0.5951512694358826,0.8285970211029052,0.003159029979724437,0.015691336430609226,0.14892061799764633,0.004312285967171192,0.09343381635844708,0.0046498412266373634,0.10333308205008507,0.00016679465625202283,0.03920704163610935,0.1557367131114006,0.2748285010457039,0.9107290744781494,0.004795496654696763,0.03799472581595183,0.009781614132225513,0.0013213977828854695,0.0075011913198977705,0.07092259526252746,0.017168725928058848,0.054216450173407794,0.0007338724128203467,0.049103693664073945,0.006583821059030015,0.004409334203228354,0.0007095442910213023,0.025085015315562488,0.5842064678668976,0.006507753441110253,-5.6509627673091005,-19.174095493324188,-41.883088457224865,-0.3549999943592567,-12.212633991478,1.8290913389765777,-2.327742134608868,23.60761538139073,0.5506271794448413,-5.652963221622256
"bc8a474f0f2a203fe94bb73ac77a4013","Cc1ccc(cc1NC(=O)c1ccc(OCc2ccccn2)cc1)-c1ncc[nH]1",384.439,4.6114200000000025,4.0,2.0,4.0,0.5086442062138498,0.0,79.9,0.7484097480773926,0.28170998096466066,0.9287810087203979,0.5447106897830963,0.8157824993133544,0.48623745441436766,0.6526662707328796,0.2346020221710205,0.33852953612804415,0.7768854618072509,0.8107177138328552,0.47391562461853026,0.309876424074173,0.9264450311660767,0.9989548563957215,0.008845612453296781,0.034629998914897445,0.7711660504341126,0.3450760006904602,0.045917066559195516,0.2829927891492844,0.05425360202789307,0.8149287343025208,0.7742470085620881,0.6768769979476928,0.24108156561851501,0.24924969375133516,0.7145790338516236,0.358526399731636,0.20947482883930207,0.9144830703735352,-5.441708030115551,49.55661547306675,25.743377196649938,-2.7323294038004904,-11.697719071950894,2.1946424275198795,3.0910612681932528,96.92204987496115,-5.0588081616082885,-5.378263975180983
"25ec9a2753fa73fcd6f1edc3cd45ea50","CC(C)c1cccc(C(C)C)c1O",178.27499999999995,3.6390000000000025,1.0,1.0,4.0,0.7326761559104263,0.0,20.23,0.002815536968410015,0.7470587491989136,0.5502539098262786,0.757168984413147,0.2891113176941872,0.4006288185715675,0.1298758052289486,0.5029149107635021,0.029487453028559686,0.6457893490791321,0.07221637293696404,0.3727486301213503,0.000372621677161078,0.0779957752674818,0.9999843120574952,3.7957174208713694e-05,0.0009017213364131748,0.003584931028308347,0.04006651919335127,0.046559571474790576,0.05722629316151142,0.00416765499394387,0.9833800792694092,0.011786698224022984,0.10692029669880868,0.0001947280270542251,0.021473874151706696,0.8713139176368714,0.00972012234851718,0.7962043046951294,0.2187199890613556,-4.530939893863569,134.7234439978825,100.02144637542283,13.970870868159224,-4.717117956025285,2.2446395251111038,4.350925958074663,94.14771355007166,-3.395976917364883,6.813234109998335
"4bf8d2757cc0811b8d9da5be016e08cc","Cc1nc2c(NCc3c(C)cccc3C)cc(cn2c1C)C(=O)NCCO",366.46500000000015,2.902180000000001,5.0,3.0,4.0,0.6267564432108604,0.0,78.66000000000001,0.4601786136627197,0.7517917513847351,0.8647930860519409,0.4346910357475281,0.49842855930328367,0.3454317688941956,0.3587573766708374,0.26367073357105253,0.325780576467514,0.6769778370857239,0.6386088013648987,0.33553304225206376,0.3095150709152222,0.6244226455688476,0.9993914604187012,0.02849027831107378,0.03675281330943107,0.6323534727096558,0.17087244391441345,0.008757626451551915,0.0937244176864624,0.010645102709531784,0.912433409690857,0.8071008086204529,0.28641522228717803,0.05431409031152725,0.049945469945669174,0.4279439926147461,0.05126268863677978,0.29309732019901275,0.9036739230155945,-5.152752133362059,26.30060793071457,50.84620878477848,97.47619199071214,-12.54254788499438,2.315520335749524,2.5359083959162234,84.76054574040026,-3.2102453188621167,27.963239748191285
"09af5440f59e64ec94c29e9ee08a1f7d","COc1cc(NC(=O)Nc2cccc(CNC(=O)O[C@H]3CCOC3)c2)ccc1-c1cnco1",452.46700000000027,4.009300000000002,7.0,3.0,4.0,0.4947373090421914,1.0,123.95000000000002,0.3280798405408859,0.7677460312843323,0.9133833289146424,0.5243992418050766,0.8745957136154174,0.41752232909202575,0.7526968479156494,0.16397298872470856,0.24035809338092803,0.4974739611148834,0.973586642742157,0.08107156381011009,0.5871065557003021,0.9799557089805603,0.999757182598114,0.0038926783250644802,0.01369877504184842,0.4636921942234039,0.13721707761287688,0.008047331171110273,0.07444230765104294,0.05797139666974545,0.8400484323501587,0.6333374381065369,0.6517198801040649,0.031574586778879164,0.048607686534523964,0.23139977157115937,0.17824165672063827,0.1866013824939728,0.7622706294059753,-5.171141345504185,43.63706818544376,79.66680145601634,25.789588173257545,-12.248734945692664,2.2950014754277612,3.2446323372378614,93.40113051909663,-5.066543814240269,-2.421363444925172
"dbb12503ee3f6f0cf36960ad6fd3b810","COc1ccc(NC(=O)c2cc(OCCCN(C)C)nn2Cc2ccccc2)cc1",408.50200000000007,3.522800000000002,6.0,1.0,4.0,0.5200250404910086,0.0,68.62,0.5252929866313935,0.772999107837677,0.8944471120834351,0.03343700598925352,0.224104705452919,0.2753477245569229,0.21517796367406844,0.40917012095451355,0.32017911076545713,0.8929068565368652,0.5253847777843476,0.5299261927604675,0.7368695676326752,0.623245358467102,0.9754796981811523,0.0074902413412928585,0.025482035242021084,0.1688732236623764,0.028110670670866967,0.006989740114659071,0.038042929768562314,0.00634912345558405,0.900052285194397,0.8592530965805054,0.38161506950855256,0.026372021064162254,0.025690153054893018,0.09669288396835327,0.050446267053484914,0.20246475636959077,0.9245495319366455,-4.828294787424605,77.76448086963985,39.30932735613522,-16.65673939260629,-9.51185673237622,2.6363743722482265,2.243867182193034,83.99869459153321,-3.9746865426197346,-1.825119012036587
"b16ffefcac0fc707dd056ccd0c6aa347","COc1ccc2Sc3ccccc3N(C[C@H](C)CN(C)C)c2c1",328.4810000000001,4.495600000000004,4.0,0.0,4.0,0.8027021109078472,1.0,15.71,0.2060317188501358,0.9961824536323547,0.8951599359512329,0.4105703875422478,0.10925730019807815,0.40054715871810914,0.014378364523872733,0.9061496376991272,0.9566295742988586,0.7745675683021546,0.43388848304748534,0.08726662844419479,0.47099714279174804,0.26250178217887876,0.9990495920181275,0.002204737544525415,0.00967424139380455,0.2169322982430458,0.06484851501882076,0.008326613064855336,0.02954345606267452,0.002414223458617926,0.9778853058815002,0.7696229338645935,0.09708091542124749,0.0025698164477944373,0.025188969820737837,0.10453475080430508,0.02380819646641612,0.4945677638053894,0.983800208568573,-4.412836655158545,98.93699650091364,60.1623726053157,-0.1624532042589891,-5.818720627386876,2.6610675163999304,2.8047943472376087,93.19695237046764,-4.702583102577778,-3.4095558222710425
"80d96efcc8a7b8f06c604c6291060320","C1CC1c1cc(Nc2ccnc(Nc3ccc4nc[nH]c4c3)n2)[nH]n1",332.37100000000004,3.4406,6.0,4.0,4.0,0.4458271208246213,0.0,107.2,0.4731701135635376,0.5676162898540497,0.9006512045860291,0.8985903024673462,0.3856479644775391,0.21920216977596282,0.21078968346118926,0.24716841876506807,0.43368783593177795,0.3414213299751282,0.7716408252716065,0.1075494222342968,0.19967926293611526,0.9624354481697083,0.9996739864349365,0.02667072508484125,0.028605357743799686,0.9170486092567444,0.3104614704847336,0.06731407083570957,0.266840335726738,0.013576154876500369,0.6929822087287902,0.07934944331645966,0.5724961757659912,0.571864515542984,0.157412797678262,0.854210889339447,0.6508469104766845,0.26092841625213625,0.7835763216018676,-5.409439071726825,41.06369262527021,24.708730516136477,28.494011258841578,-13.711425488917513,2.6748413197759207,3.397332379286797,95.81261853209118,-4.553085559756651,4.91847142794923
"f132e46ab0b78761909b284e902e22df","OC(=O)c1cc(ccc1O)-c1ccc(F)cc1F",250.19999999999996,3.0356000000000005,2.0,2.0,4.0,0.860782458230497,0.0,57.53,0.13821984827518463,0.3518651634454727,0.9553147077560424,0.2548191353678703,0.04630646407604218,0.4555386021733284,0.2613362863659859,0.07936177365481853,0.028940104693174363,0.18267958015203475,0.015738553274422883,0.38221926987171173,0.025715168751776218,0.952079427242279,0.9994378566741944,0.006331826467067004,0.07801070436835289,0.2128564476966858,0.013004923518747092,0.08698438182473182,0.2700670689344406,0.08440984115004539,0.26099504381418226,0.01926772892475128,0.24470482170581817,0.06777569651603699,0.009323020000010729,0.11335727497935295,0.025479530356824397,0.26424809396266935,0.04316550251096487,-4.405323603673533,31.63640176997289,26.862734025214632,-2.1281537321167505,-9.358599137154068,2.7093600253149135,0.7875230188326521,99.24010252983297,-3.9942678199246764,3.6779727307432553
"e287f9063ae4da51ac0ee75c3b4bb1ab","CC(C)(C)CCN1C[C@H]2[C@H](CNC(=O)c3cc(Cl)cc(Cl)c3)[C@H]2C1",369.3360000000001,4.337200000000004,2.0,1.0,4.0,0.8376336537371256,3.0,32.34,0.22318360805511475,0.9940054893493653,0.8965859055519104,0.10240951180458069,0.30727997720241546,0.16562121510505676,0.0421367272734642,0.6856233954429627,0.9158194065093994,0.6828203678131104,0.2129215955734253,0.05517883896827698,0.5730886042118073,0.1796127140522003,0.9995621800422668,0.0011826898553408682,0.006769486330449581,0.052635806053876875,0.029550466872751712,0.00599734706338495,0.04421409517526627,0.0006915209232829511,0.9809198975563049,0.4499953627586365,0.10847731679677963,0.0016893731430172921,0.02164688501507044,0.08342280611395836,0.00527624695096165,0.6482187509536743,0.9258344531059265,-4.642369159744403,41.23018525444651,17.1404415202042,25.8693185051982,-6.546151183503301,2.6395941866842287,3.099851773892561,97.31101666456547,-5.421683082057662,-3.760073498764675
"8f495deb27385b08a86ba406ee3d13aa","OCc1c[nH]c2ccccc12",147.17699999999996,1.6602,1.0,2.0,4.0,0.6318762276386147,0.0,36.019999999999996,0.2361613467335701,0.8674183011054992,0.6471592843532562,0.7881102919578552,0.18420874029397966,0.1466599814593792,0.018395530246198177,0.23286446332931518,0.08272557184100152,0.27531773447990415,0.07710965685546398,0.02965468242764473,0.017205127421766518,0.4959725379943848,0.9999827146530151,0.014267395157366991,0.011329182237386704,0.664271330833435,0.0910155444405973,0.037452513631433246,0.083304900303483,0.013860809383913875,0.8245574355125427,0.05912083387374878,0.27226533070206643,0.014936663210391998,0.14602300077676772,0.2860264167189598,0.07357402816414833,0.7550299525260925,0.1400224044919014,-4.72273174931623,39.21276627622771,15.555198534660752,50.544075098300915,-12.42432687387252,1.9634622097580787,1.7011223782308964,68.14050853379607,-1.4670555054849208,22.04365660276313
"7a08733dd4535f12e45dc985257bc435","CCOc1ccc(cn1)-c1ccc(Cn2c(CC(C)(C)C(O)=O)c(SC(C)(C)C)c3cc(OCc4ccc(C)cn4)ccc23)cc1",637.8460000000002,8.976620000000002,7.0,1.0,2.0,0.13668526683799936,0.0,86.47,0.049784520640969276,0.13897736594080926,0.898595929145813,0.06829494386911392,0.42131991386413575,0.4960717141628265,0.5777069091796875,0.04283624216914177,0.030127937206998467,0.8042492032051086,0.4861050546169281,0.3139568120241165,0.08104919791221618,0.9178600072860718,0.9894647717475891,0.0037817367468960584,0.006157030165195465,0.20537527203559874,0.19477640390396117,0.0809067752212286,0.14215311780571938,0.42287389039993284,0.7111663222312927,0.7709160923957825,0.638642281293869,0.01815034681931138,0.1303696170449257,0.20049068331718445,0.037169096246361735,0.1430649034678936,0.5083762109279633,-5.626208545492465,15.033853859936835,25.353495181121097,-6.874250963732237,-7.879232943833324,2.824247238746835,3.0539261889874973,98.22558030587706,-5.663988868318022,-5.18258791930814
