key,input,0_consensus_score,1_assay_chembl4296186_inhibition_percentage_activity_percentile_25_organism_3,1_assay_chembl4296186_inhibition_percentage_activity_percentile_5_organism_3,1_assay_chembl4296186_mic_pchembl_percentile_5_organism_1,1_assay_chembl4296186_mic_pchembl_value_5_organism_1,2_target_chembl350_inhibition__percentage_activity_percentile_1_organism_1,2_target_chembl350_mic_um_pchembl_percentile_10_organism_1,2_target_chembl350_mic_um_pchembl_percentile_1_organism_1,2_target_chembl350_mic_um_pchembl_percentile_50_organism_1,2_target_chembl350_mic_um_pchembl_percentile_5_organism_1,2_target_chembl350_mic_um_pchembl_value_6_organism_1,2_target_chembl350_mic_um_pchembl_value_7_organism_1,2_target_chembl350_mic_um_pchembl_value_8_organism_1,4_all_percentage_activity_percentile_10_organism_1,4_all_percentage_activity_percentile_1_organism_1,4_all_percentage_activity_percentile_25_organism_3,4_all_percentage_activity_percentile_5_organism_1,5_grouped_percentiles_10_organism_1,5_grouped_percentiles_1_organism_1,5_grouped_percentiles_25_organism_1,5_grouped_percentiles_50_organism_1,5_grouped_percentiles_5_organism_1
"2aadbb3d68ae9ecc8cf3201bf6b4718d","C(\C=C\c1ccccc1)N1CCN(CC1)C(c1ccccc1)c1ccccc1",4.641471896315848,0.2754491017964072,0.4231536926147705,0.06786427145708583,0.05189620758483034,0.007817697937458417,0.00998003992015968,0.001996007984031936,0.15504982833558376,0.00332667997338656,0.013972055888223553,0.005988023952095809,0.0,0.12341982701264137,0.005988023952095809,0.24151696606786427,0.017964071856287425,0.11776447105788423,0.004491017964071856,0.16155397715091596,0.20636515921947496,0.05588822355289421
"b0e855b8cd3775fc4097d924f54b1013","CC(C)c1nc(CN(C)C(=O)N[C@@H](CCN2CCOCC2)C(=O)N[C@H](CC[C@H](Cc2ccccc2)NC(=O)OCc2cncs2)Cc2ccccc2)cs1",7.6363109320124165,0.2834331337325349,0.08183632734530938,0.021956087824351298,0.08582834331337326,0.001996007984031936,0.01996007984031936,0.001996007984031936,0.3584302357566199,0.013972055888223553,0.031936127744510975,0.017964071856287425,0.0,0.12375249500998003,0.005988023952095809,0.19560878243512975,0.02594810379241517,0.10778443113772455,0.001996007984031936,0.20082695948158066,0.3402524043268991,0.041916167664670656
"949fbb82b193f3af33d3c61d7b18f691","COc1ccc(\C=C\C(=O)OCCC(C)C)cc1",-3.2281803043380637,0.1497005988023952,0.2155688622754491,0.013972055888223553,0.0,0.001996007984031936,0.001996007984031936,0.0,0.13710064749898124,0.003992015968063872,0.001996007984031936,0.0,0.0,0.031936127744510975,0.0,0.15768463073852296,0.0,0.16167664670658682,0.011976047904191617,0.2104700252769856,0.4692203919877413,0.11377245508982035
"f5b3b70ccf21890569a713cc2f7a7a66","COc1ccc(cc1)S(=O)(=O)N[C@@H](CNc1nc(C)nc(N2CCC(CC2)c2ccc3CCCNc3n2)c1C)C(O)=O",9.672520584676127,0.08383233532934131,0.10578842315369262,0.013972055888223553,0.001996007984031936,0.003992015968063872,0.06487025948103792,0.015968063872255488,0.45862567126225406,0.029940119760479042,0.10179640718562874,0.010645375914836993,0.001996007984031936,0.07385229540918163,0.015968063872255488,0.0718562874251497,0.02594810379241517,0.07784431137724551,0.003992015968063872,0.2558266443991328,0.44929449539584587,0.0332667997338656
"0eee215415b35e90c2f31c68d8053c12","CCN(CC)C(=O)N1CCN(C)CC1",-13.545982153009316,0.7385229540918163,0.14570858283433133,0.0,0.007984031936127744,0.007984031936127744,0.0,0.0,0.09419825761552805,0.0,0.000998003992015968,0.0,0.0,0.007984031936127744,0.0,0.6686626746506986,0.0,0.015968063872255488,0.0,0.06753971903607366,0.05420395999113722,0.003992015968063872
"007da00a6b74526c15dae57cb140e9aa","OC[C@@H](O)[C@H]1O[C@@H]2O[C@@H](O[C@@H]2[C@H]1O)C(Cl)(Cl)Cl",6.780393621333394,0.592814371257485,0.8502994011976048,0.007984031936127744,0.011976047904191617,0.41147704590818357,0.001996007984031936,0.0,0.14132452329525647,0.005988023952095809,0.012974051896207584,0.001996007984031936,0.0,0.5256154357950765,0.000998003992015968,0.7325349301397206,0.04258150365934798,0.11377245508982035,0.11776447105788423,0.20480016880970686,0.3022773261901621,0.19870259481037925
"f0aad388a7b769ccc5662df2cf5cde41","CC(C)n1c2sc(Cc3c(C)[nH]nc3C(F)(F)F)c(C(=O)N3C[C@](C)(O)CO3)c2c(=O)n(C)c1=O",10.666242789754012,0.15169660678642716,0.10978043912175649,0.059880239520958084,0.043912175648702596,0.023952095808383235,0.0499001996007984,0.001996007984031936,0.4606574431188404,0.00998003992015968,0.046906187624750496,0.005988023952095809,0.00039920159680638726,0.11127744510978044,0.011976047904191617,0.16766467065868262,0.017964071856287425,0.1592648037258816,0.000570287995437696,0.2316928934675678,0.4912975022385842,0.041916167664670656
"420600b888b92db19ed6725fa05bb061","Fc1ccc(cc1)C(CCCN1CCC(CC1)n1c2ccccc2[nH]c1=O)c1ccc(F)cc1",-1.9023376002129573,0.08183632734530938,0.10578842315369262,0.015968063872255488,0.007984031936127744,0.003992015968063872,0.015968063872255488,0.001996007984031936,0.25425954770616105,0.007984031936127744,0.013972055888223553,0.005988023952095809,0.0,0.0771789753825682,0.001996007984031936,0.09381237524950099,0.0,0.08383233532934131,0.0,0.24302443869371307,0.5187643011401205,0.028942115768463075
"0c9d1db8c376c80ee6ba6db72016bf27","CCCc1c(O)c(ccc1SCCCOc1ccc(C(C)=O)c(OCCCC(O)=O)c1CCC)C(C)=O",-1.296970465381712,0.041916167664670656,0.029940119760479042,0.027944111776447105,0.029940119760479042,0.01996007984031936,0.005988023952095809,0.0,0.2083690576897914,0.001996007984031936,0.011976047904191617,0.003992015968063872,0.001996007984031936,0.08982035928143713,0.001996007984031936,0.05389221556886228,0.003992015968063872,0.05189620758483034,0.023619427811044577,0.27131260500735305,0.41701383624026583,0.07784431137724551
"9beb66816506fe7d206086171a930212","OC(=O)c1cc(O)c(O)c(O)c1",-0.5598211568032824,0.5069860279441117,0.5668662674650699,0.03792415169660679,0.05788423153692615,0.007984031936127744,0.013972055888223553,0.001996007984031936,0.15956305891685404,0.005988023952095809,0.05104077559167379,0.0,0.0,0.027944111776447105,0.007984031936127744,0.500998003992016,0.001996007984031936,0.015968063872255488,0.001996007984031936,0.06413574263401708,0.08802515887144591,0.027944111776447105
"680e0a4c985a6507dfaa84a63ff512bc","CNC[C@H](O)c1cccc(O)c1",-4.835129337524091,0.3393213572854291,0.2994011976047904,0.07385229540918163,0.03992015968063872,0.00998003992015968,0.0,0.0,0.10353960153547631,0.0036593479707252166,0.001996007984031936,0.001996007984031936,0.0,0.05788423153692615,0.0,0.3393213572854291,0.00998003992015968,0.027944111776447105,0.0,0.09563357454309766,0.11017354289469339,0.0499001996007984
"1c10f7fbf0ff8d91bda228f1ea8f57e6","CC(=O)Nc1ccc(cc1)S(=O)(=O)Nc1ccc(cc1)[N+]([O-])=O",-5.587948954013885,0.36726546906187624,0.27944111776447106,0.003992015968063872,0.0,0.0,0.001996007984031936,0.0,0.04381336667179106,0.0,0.003992015968063872,0.0,0.0,0.015968063872255488,0.0,0.36660013306719896,0.0,0.08183632734530938,0.013972055888223553,0.3640747504700002,0.3004848918442653,0.031936127744510975
"705f6a5c88698929e98ec9ca768b28f5","CC[N+](C)(C)Cc1ccccc1Br",-10.185857041785539,0.17365269461077845,0.2834331337325349,0.001996007984031936,0.005988023952095809,0.0,0.001996007984031936,0.0,0.21657112961979985,0.0,0.005988023952095809,0.0,0.0,0.029940119760479042,0.0,0.18762475049900199,0.0,0.033932135728542916,0.0,0.06098750007886228,0.2786417973842715,0.029940119760479042
"ce6d0a2e028383a3c45dd50be8a23f84","C[C@@H]1O[C@@H]1P(O)(O)=O",7.248949924004127,0.34331337325349304,0.4111776447105788,0.007984031936127744,0.0,0.03127079174983367,0.0,0.0,0.012206886454878685,0.0,0.0,0.0,0.0,0.6387225548902196,0.626746506986028,0.7544910179640718,0.6087824351297405,0.626746506986028,0.6187624750499002,0.4917092930109843,0.4863643361196019,0.6586826347305389
"b0a4955174923b0ca540b6a0580dbc97","CN1CCN(CC1)c1nc(C)nc2n(C3CCOCC3)c(nc12)-c1ccccc1Cl",5.480661520007278,0.11776447105788423,0.11776447105788423,0.00998003992015968,0.00998003992015968,0.005988023952095809,0.01437125748502994,0.003659347970725216,0.36913838048684544,0.007984031936127744,0.03992015968063872,0.013972055888223553,0.003992015968063872,0.05061305959509552,0.003992015968063872,0.13373253493013973,0.005988023952095809,0.08483033932135728,0.001996007984031936,0.21905035259857614,0.45163923608413203,0.0998003992015968
"6a626b6d3feb82c5d17e4c2e77ad07a4","CC(C)CCNC(=O)[C@H](CC(C)C)NC(=O)[C@H]1O[C@@H]1C(O)=O",-1.8597650086721458,0.07784431137724551,0.16367265469061876,0.005988023952095809,0.007984031936127744,0.03592814371257485,0.003992015968063872,0.001996007984031936,0.11716182979255334,0.0,0.008649367930805058,0.0029940119760479044,0.0,0.09580838323353294,0.007984031936127744,0.18562874251497005,0.023952095808383235,0.08935462408516301,0.001996007984031936,0.2610023438076874,0.42977710045219414,0.022954091816367265
"074f6ce073367a3297559e13ec48c164","C[S+](C)CC[C@H](N)C(O)=O",-4.510145049679032,0.1377245508982036,0.2894211576846307,0.0,0.0,0.023952095808383235,0.0,0.001996007984031936,0.13708103940145475,0.0,0.0,0.0,0.0,0.033932135728542916,0.001996007984031936,0.15568862275449102,0.013972055888223553,0.09780439121756487,0.0,0.19718433231815113,0.4292579065640541,0.08582834331337326
"421e2139e41bd7c4ce40e96398a424ec","CN(C\C=C\C#CC(C)(C)C)Cc1cccc2ccccc12",-13.61007431860619,0.2634730538922156,0.4471057884231537,0.001996007984031936,0.0,0.003992015968063872,0.0,0.0,0.06290030085075202,0.0,0.0,0.0,0.0,0.03592814371257485,0.0,0.2714570858283433,0.0,0.013972055888223553,0.0,0.042869432925373256,0.08645992422462605,0.017964071856287425
"1ee7d36cee27bcef1e50bdb7ec9dce32","CC(C)N[C@H]1CCn2c3c(cccc3[nH]c2=O)[C@@H]1O",-3.997657542944803,0.15169660678642716,0.07385229540918163,0.023952095808383235,0.04790419161676647,0.001996007984031936,0.007984031936127744,0.0,0.1757017529810473,0.001996007984031936,0.005988023952095809,0.003992015968063872,0.0,0.041916167664670656,0.0029940119760479044,0.18762475049900199,0.006986027944111776,0.06337325349301397,0.001996007984031936,0.22584325135824362,0.3735425245947545,0.015968063872255488
"89c67dd27229605ca0801123efc21aab","O=C(O[C@H]1[C@H](OC(=O)c2cccnc2)[C@@H](OC(=O)c2cccnc2)[C@H](OC(=O)c2cccnc2)[C@H](OC(=O)c2cccnc2)[C@@H]1OC(=O)c1cccnc1)c1cccnc1",5.668925674017309,0.21956087824351297,0.1656686626746507,0.05588822355289421,0.027944111776447105,0.017964071856287425,0.038589487691284105,0.010312707917498335,0.28550229292858037,0.000499001996007984,0.023952095808383235,0.00878243512974052,0.0,0.07984031936127745,0.0053226879574184965,0.23552894211576847,0.007984031936127744,0.0718562874251497,0.0014970059880239522,0.21289826228486045,0.27695965974870806,0.04590818363273453
"d2cf17516dc088f688519407f964d068","OC(=O)c1cnn(c1)-c1nc2cc(Cl)c(OC(F)(F)F)cc2[nH]1",1.4330809238517745,0.1437125748502994,0.26746506986027946,0.021956087824351298,0.003992015968063872,0.0,0.031936127744510975,0.0,0.5495892971328193,0.005988023952095809,0.041916167664670656,0.007984031936127744,0.0,0.033932135728542916,0.003992015968063872,0.10578842315369262,0.013972055888223553,0.05788423153692615,0.0,0.15624877048500632,0.31854293386618826,0.043912175648702596
"8eb6bac423c8069004ac9f509d0510e8","CCOC(=O)CCC\C=C/C\C=C/C\C=C/C\C=C/C\C=C/CC",-3.689765413750323,0.1596806387225549,0.1317365269461078,0.04590818363273453,0.001996007984031936,0.007984031936127744,0.0,0.0,0.19569919144602196,0.0,0.0499001996007984,0.0,0.0,0.041916167664670656,0.0,0.08183632734530938,0.001996007984031936,0.2315369261477046,0.001996007984031936,0.20780814344162224,0.3163017518715709,0.03642714570858283
"78ec37a1067c8b48aecfdfac9d74c4b3","ClCCC(=O)NCc1ccccc1",-12.440743905366626,0.43313373253493015,0.3153692614770459,0.003992015968063872,0.0,0.001996007984031936,0.001996007984031936,0.0,0.02300892389987944,0.0,0.0,0.0,0.0,0.00998003992015968,0.0,0.35129740518962077,0.0,0.005988023952095809,0.00998003992015968,0.0812893645717975,0.10959316748797181,0.013972055888223553
"e80730a24308251808a6afefce248643","CSc1ccccc1Nc1nc(nc2c(NCC3CC3)ncnc12)N1CCNCC1",-5.3010925837335385,0.1536926147704591,0.1157684630738523,0.02594810379241517,0.001996007984031936,0.007984031936127744,0.0,0.003992015968063872,0.24076151561949383,0.0,0.007984031936127744,0.0,0.0,0.04790419161676647,0.015968063872255488,0.14770459081836326,0.001996007984031936,0.06267465069860279,0.001996007984031936,0.15105153946583494,0.3821496780132186,0.00998003992015968
"9172f31282429b35e2468cf6e6e259c1","CN(CC[C@@H](Oc1ccc(cc1)-c1ccccc1)c1ccc(F)cc1)CC(O)=O",-11.072464654363756,0.033932135728542916,0.04590818363273453,0.043912175648702596,0.0,0.001996007984031936,0.003992015968063872,0.0,0.17248943313452797,0.001996007984031936,0.007984031936127744,0.0,0.0,0.03359946773120426,0.0,0.02594810379241517,0.0,0.05389221556886228,0.0,0.31157055797315286,0.4211043118127551,0.021956087824351298
"a257d80b36b43d9101731c60e5f2cb7d","COC(=O)[C@@H]1C[C@H](OC(C)=O)C(=O)[C@H]2[C@@]1(C)CC[C@H]1C(=O)O[C@@H](C[C@]21C)c1ccoc1",12.88730522283204,0.14171656686626746,0.20359281437125748,0.0718562874251497,0.1497005988023952,0.003992015968063872,0.02594810379241517,0.005988023952095809,0.2520828921499098,0.02062541583499667,0.04491017964071856,0.005988023952095809,0.001140575990875392,0.13373253493013973,0.007984031936127744,0.16766467065868262,0.04590818363273453,0.16966067864271456,0.000998003992015968,0.257305427895932,0.49145002630089163,0.09181636726546906
"cc949d5c072b22e6d61da74187460255","COc1ccc(C[C@@H](C)NC[C@H](O)c2ccc(O)c3[nH]c(=O)ccc23)cc1",5.769596480678159,0.20159680638722555,0.1377245508982036,0.01996007984031936,0.01996007984031936,0.0,0.018629407850964737,0.003992015968063872,0.20444758339471344,0.001996007984031936,0.05322687957418496,0.005988023952095809,0.003992015968063872,0.05588822355289421,0.0,0.2085828343313373,0.011976047904191617,0.07385229540918163,0.04790419161676647,0.2369772034649653,0.4501992753165441,0.04590818363273453
"25c3b6e275f492ef12d83809e3deec28","Cc1ccc(cc1NC(=O)c1cccc(NC(=O)Nc2cccc(c2)C(=O)Nc2cc(ccc2C)C(=O)Nc2ccc(c3cc(cc(c23)S(O)(=O)=O)S(O)(=O)=O)S(O)(=O)=O)c1)C(=O)Nc1ccc(c2cc(cc(c12)S(O)(=O)=O)S(O)(=O)=O)S(O)(=O)=O",14.988288365408849,0.688622754491018,0.15568862275449102,0.06986027944111776,0.0499001996007984,0.00998003992015968,0.04856952761144378,0.0249500998003992,0.43074261530502855,0.021956087824351298,0.10246174318030604,0.011776447105788424,0.001996007984031936,0.0499001996007984,0.011976047904191617,0.6866267465069861,0.029940119760479042,0.06986027944111776,0.006653359946773121,0.13896461234401586,0.20281376420010414,0.059880239520958084
"d50d12f41595b302dd516342a3a8f898","CN1Cc2ccccc2[C@H]2[C@H]1Cc1c[nH]c3cccc2c13",-2.0466597278485557,0.16367265469061876,0.06786427145708583,0.05189620758483034,0.033932135728542916,0.0,0.007984031936127744,0.001996007984031936,0.23572196747189292,0.001996007984031936,0.007984031936127744,0.003992015968063872,0.0,0.033932135728542916,0.0,0.16766467065868262,0.001996007984031936,0.12375249500998003,0.0,0.21780029364908748,0.40974545568161286,0.0499001996007984
"d33578ca6c02be00e4de0fb998f4b071","Cc1cc(N2CCN(CC2)[C@@H]2CN[C@@H](C2)C(=O)N2CCSC2)n(n1)-c1ccccc1",10.700595008426761,0.1377245508982036,0.22954091816367264,0.06786427145708583,0.0,0.001996007984031936,0.03992015968063872,0.005988023952095809,0.3863285855652119,0.017964071856287425,0.043912175648702596,0.013972055888223553,0.001996007984031936,0.11776447105788423,0.007984031936127744,0.11976047904191617,0.01996007984031936,0.08982035928143713,0.007984031936127744,0.2489415010862737,0.3614042859409384,0.059880239520958084
"3d71d074f8b11db46a7f5fdea1f7f439","COc1cc(Br)c(cc1OC)S(=O)(=O)Nc1ccc(Cl)c(O[C@@H]2CCN(C)C2)c1",-3.453122062566945,0.07984031936127745,0.07784431137724551,0.013972055888223553,0.02594810379241517,0.0,0.010978043912175649,0.005988023952095809,0.3384330708209685,0.0,0.013972055888223553,0.0006653359946773121,0.003992015968063872,0.043912175648702596,0.0,0.09381237524950099,0.0,0.05393973956848209,0.00612109115103127,0.18645392224907542,0.4194862967898666,0.00998003992015968
"98a17d1e5e9c57ce1ee56354615a0181","CCC1(C)CC(=O)NC(=O)C1",-7.32811800078945,0.46706586826347307,0.33532934131736525,0.0,0.003992015968063872,0.0,0.00998003992015968,0.0,0.14170816626353666,0.005988023952095809,0.013972055888223553,0.017964071856287425,0.0,0.08183632734530938,0.0,0.34530938123752497,0.0,0.013972055888223553,0.0,0.07007108205331866,0.08935669867141524,0.0
"7d5562edc306d0feadf3138060d578d1","C1C[C@@H](Nc2nc3ccccc3[nH]2)c2ccccc2C1",-9.385383881233102,0.19161676646706588,0.18363273453093812,0.007984031936127744,0.00998003992015968,0.0,0.001996007984031936,0.000998003992015968,0.17165551580328423,0.0,0.0,0.001996007984031936,0.0,0.023952095808383235,0.0,0.24151696606786427,0.0,0.03992015968063872,0.001996007984031936,0.11810834201514658,0.3137061411164635,0.00998003992015968
"2ece77a5f0805ebded125cea9c48852b","Fc1ccc(cc1)-n1cc(CCCCN2CCC3(CC2)OCc2ccccc32)c2ccccc12",0.4709409019050885,0.10179640718562874,0.0998003992015968,0.015968063872255488,0.011976047904191617,0.001996007984031936,0.02594810379241517,0.001996007984031936,0.29620002065675954,0.001996007984031936,0.00998003992015968,0.00998003992015968,0.003992015968063872,0.059880239520958084,0.0,0.12574850299401197,0.0,0.07385229540918163,0.001996007984031936,0.21857491788248917,0.5047188988426506,0.041916167664670656
"2e4ed77a8c48d5adcb5336552a5c64d8","COC(=O)CCC(=O)CN",-9.265376698482443,0.4530938123752495,0.3213572854291417,0.04590818363273453,0.0,0.0053226879574184965,0.003992015968063872,0.0,0.05705306086966272,0.0,0.007984031936127744,0.0,0.0,0.05588822355289421,0.0,0.19161676646706588,0.001996007984031936,0.01996007984031936,0.001996007984031936,0.10482159280900173,0.12106291609592748,0.018962075848303395
"c338f5d8feb466dc7b171ddbc1a52fe6","CC(C)SC(N)=N",-2.6614842425932714,0.3692614770459082,0.42115768463073855,0.07984031936127745,0.043912175648702596,0.0,0.003992015968063872,0.0,0.1205911603505064,0.007984031936127744,0.011976047904191617,0.003992015968063872,0.0,0.06986027944111776,0.0,0.35129740518962077,0.003992015968063872,0.021956087824351298,0.0,0.11811268999999058,0.1550995370310889,0.05056553559547571
"33f54ca879d1da8d3643ba72a9e17eee","CC(C)C[C@H](N(C)Cc1ccc(cc1)C(C)(C)C)C(=O)N[C@@H](Cc1ccc(OCc2ccccc2)cc1)C(=O)NC(C)(C)C",2.614782963073937,0.09181636726546906,0.07784431137724551,0.0,0.0,0.007984031936127744,0.012774451097804392,0.014970059880239521,0.24103584718026097,0.017964071856287425,0.027944111776447105,0.005988023952095809,0.003992015968063872,0.09181636726546906,0.003992015968063872,0.07085828343313373,0.013972055888223553,0.07984031936127745,0.003992015968063872,0.1720351917680364,0.4451449430167274,0.04291417165668663
"74c30eef4e0bad04dc8a714f3482f49d","Cc1ccc(NC(=O)CCCCCC(=O)Nc2ccccc2N)cc1",-12.19844228207597,0.04790419161676647,0.09381237524950099,0.01996007984031936,0.01996007984031936,0.001996007984031936,0.0,0.0,0.2173446951771729,0.0,0.001996007984031936,0.0,0.0,0.031936127744510975,0.0,0.029940119760479042,0.00998003992015968,0.05189620758483034,0.0,0.11646639298852665,0.409692619557819,0.007984031936127744
"29cb15823427b9974e2fa4d06757486b","COc1ccc(cc1)[C@@H]1Sc2ccccc2N(CCN(C)C)C(=O)[C@@H]1OC(C)=O",-1.937461275051652,0.17165668662674652,0.500998003992016,0.0499001996007984,0.03592814371257485,0.0,0.010978043912175649,0.001996007984031936,0.2906489977240255,0.005988023952095809,0.011310711909514303,0.000998003992015968,0.0,0.02594810379241517,0.007984031936127744,0.21756487025948104,0.005988023952095809,0.05688622754491018,0.0,0.08774185274921026,0.27865115915716643,0.011976047904191617
"a8587ec20815e663a354bb33342cb90a","CC(=O)NCCCOc1ccc(cc1)C(=O)N1CCC(CC1)N1C(=O)CCc2ccccc12",-5.548928880640743,0.031936127744510975,0.059880239520958084,0.003992015968063872,0.003992015968063872,0.0,0.023952095808383235,0.003992015968063872,0.23952879005761005,0.011976047904191617,0.013972055888223553,0.001996007984031936,0.0,0.03592814371257485,0.00998003992015968,0.043912175648702596,0.005988023952095809,0.08782435129740519,0.001996007984031936,0.15696701766173227,0.32026011495899964,0.017964071856287425
"15195dabe2997cd19e688bb07048fd93","CCCCCCCCC(F)(F)C(F)(F)C(F)(F)C(F)(F)C(F)(F)C(F)(F)F",-9.506888830380765,0.08982035928143713,0.0658682634730539,0.005988023952095809,0.001996007984031936,0.001996007984031936,0.0,0.0,0.20553385011415712,0.0,0.003992015968063872,0.0,0.0,0.0658682634730539,0.0,0.09580838323353294,0.0,0.03313373253493014,0.002186103982511168,0.20796650492651747,0.6057030619902619,0.028609447771124417
"2f897ce96e7b087b4e69c992131f83fd","Cc1cccc(C)c1N(CC(=O)Nc1ccc(cc1)-c1ncon1)C(=O)C1CCS(=O)(=O)CC1",-5.7714064807967915,0.05449101796407186,0.06786427145708583,0.05189620758483034,0.015968063872255488,0.04590818363273453,0.007984031936127744,0.001996007984031936,0.24137227427698912,0.001996007984031936,0.003992015968063872,0.0026613439787092482,0.0,0.08782435129740519,0.0,0.05788423153692615,0.011976047904191617,0.027944111776447105,0.0,0.16614717867670867,0.41238390909717193,0.023952095808383235
"5b0ab60ba5745bcbc4e7af8bddd61b11","N[Pt](N)(Cl)Cl",-11.590718942160706,0.6077844311377245,0.5948103792415169,0.017964071856287425,0.059880239520958084,0.003992015968063872,0.0,0.0,0.04191562222487396,0.0,0.0,0.0,0.0,0.001996007984031936,0.0,0.5129740518962076,0.001996007984031936,0.00998003992015968,0.0,0.030199372505937776,0.03540990418914165,0.013972055888223553
"33352b0633061a81a8450c57519ab09a","COC(=O)c1cc(OC)c2OCOc2c1-c1c2OCOc2c(OC)cc1CO",-1.7028944161047712,0.12288755821689952,0.11377245508982035,0.08782435129740519,0.011976047904191617,0.001996007984031936,0.007984031936127744,0.0,0.3667598506764079,0.005988023952095809,0.005988023952095809,0.004657351962741184,0.0,0.07984031936127745,0.0,0.1437125748502994,0.0,0.07085828343313373,0.001996007984031936,0.183208181680711,0.34374202431253453,0.06669993346640055
"e206dc46b9320afc0376105e0fe15df9","COc1ccc(cc1)C(=O)C=C(O)c1ccc(cc1)C(C)(C)C",-6.159467510179014,0.2315369261477046,0.22554890219560877,0.033932135728542916,0.001996007984031936,0.013972055888223553,0.003992015968063872,0.0,0.09075926961475766,0.0,0.001996007984031936,0.0,0.0,0.06187624750499002,0.00998003992015968,0.19893546240851628,0.007984031936127744,0.05389221556886228,0.0,0.0852559419912521,0.28472073007878723,0.03952095808383234
"7d9219d647a2cb5952eb7c3fe9f6a826","C[C@H](Cc1ccccc1)N(C)CC#C",-8.076591460692379,0.4151696606786427,0.249500998003992,0.001996007984031936,0.0,0.0,0.001996007984031936,0.00998003992015968,0.13698277087514849,0.003992015968063872,0.00998003992015968,0.001996007984031936,0.001996007984031936,0.018463073852295408,0.0,0.3592814371257485,0.0,0.01996007984031936,0.0,0.05447314117605356,0.08904381961732785,0.013972055888223553
"f6acbe3a0dcaf64024809b01bf082137","CCCCC1(COC(=O)CCC(O)=O)C(=O)N(N(C1=O)c1ccccc1)c1ccccc1",-1.082938172901935,0.07584830339321358,0.09580838323353294,0.02594810379241517,0.003992015968063872,0.029940119760479042,0.00998003992015968,0.0,0.22180625664407352,0.005988023952095809,0.015968063872255488,0.003992015968063872,0.0,0.14870259481037923,0.016633399866932803,0.1317365269461078,0.04823685961410513,0.08383233532934131,0.0,0.14573598285766426,0.3314339424614504,0.015968063872255488
"3daf6c1bd694637a015f1cee725553c0","Oc1ccc(Br)cc1-c1cc(-c2ccccc2)c(C#N)c(=O)[nH]1",-3.8407202201833996,0.15169660678642716,0.24750499001996007,0.0,0.003992015968063872,0.00998003992015968,0.003992015968063872,0.0,0.2716177883985751,0.005988023952095809,0.00998003992015968,0.001996007984031936,0.0,0.05588822355289421,0.0,0.249500998003992,0.0,0.05189620758483034,0.001996007984031936,0.123314467421134,0.4732984504267442,0.03992015968063872
"4e442a161c724b8213cf4fa1dd3fb886","Cc1ncc(CO)c(C=O)c1O",-7.253652052138033,0.32934131736526945,0.38323353293413176,0.01996007984031936,0.003992015968063872,0.005988023952095809,0.0,0.0,0.060597990818318195,0.0,0.001996007984031936,0.0,0.0,0.03592814371257485,0.005988023952095809,0.2964071856287425,0.001996007984031936,0.06986027944111776,0.001996007984031936,0.09782278201324908,0.1732802415590799,0.03792415169660679
"98c481e107593dfd9da6599b9e9ba8d0","Clc1ccc(cc1)-n1cc([nH]c1=O)N1CCOCC1",-6.81517034853672,0.13373253493013973,0.1377245508982036,0.005988023952095809,0.015968063872255488,0.011976047904191617,0.001996007984031936,0.001996007984031936,0.19845213105489337,0.008649367930805056,0.0,0.003992015968063872,0.0,0.06187624750499002,0.0,0.09780439121756487,0.0,0.031936127744510975,0.0,0.1332214235840194,0.43177220403080224,0.01996007984031936
"124a488c19cee2fa7f90d6511022e01d","CNS(=O)(=O)CCc1ccc2[nH]cc(C3CCN(C)CC3)c2c1",-3.865872129149911,0.10578842315369262,0.2435129740518962,0.05588822355289421,0.05588822355289421,0.001996007984031936,0.012974051896207584,0.0,0.23904342571327472,0.001996007984031936,0.006653359946773121,0.000499001996007984,0.0,0.0499001996007984,0.0,0.12574850299401197,0.0,0.09231536926147704,0.0036593479707252158,0.13788579159144473,0.20312886990496684,0.029607451763140388
"8f4c3bc1d2824e0e1b3057c14d69e225","Cc1cc(N)c2ccccc2[n+]1CCCCCCCCCC[n+]1c(C)cc(N)c2ccccc12",10.813364564269687,0.09181636726546906,0.16966067864271456,0.03992015968063872,0.059880239520958084,0.001996007984031936,0.017964071856287425,0.001996007984031936,0.3720926275373797,0.015968063872255488,0.08383233532934131,0.01996007984031936,0.001996007984031936,0.09181636726546906,0.003992015968063872,0.1277445109780439,0.001996007984031936,0.0998003992015968,0.043912175648702596,0.2664346138722353,0.6011425951031262,0.03592814371257485
"c93a559f1060e0df0aa899eb55c69835","C[C@@H]1CC(=O)c2c(C1)ccc1C(=O)c3c(O)cccc3C(=O)c21",-7.6355622055734464,0.08982035928143713,0.1217564870259481,0.0,0.005988023952095809,0.0,0.001996007984031936,0.001996007984031936,0.1566967975928447,0.0,0.005988023952095809,0.001996007984031936,0.0,0.05389221556886228,0.0,0.10046573519627411,0.0,0.07385229540918163,0.0,0.24607970939377805,0.5419783691266375,0.031936127744510975
"e09f3f074da1d083273c74904220de7c","O[C@@H](CNCCOc1ccc(CC(O)=O)cc1)c1ccccc1",-8.59971309446453,0.13572854291417166,0.21756487025948104,0.007984031936127744,0.0,0.001996007984031936,0.001996007984031936,0.0,0.10812590816261926,0.001996007984031936,0.008982035928143712,0.0,0.0,0.06966067864271457,0.003992015968063872,0.1157684630738523,0.005988023952095809,0.05189620758483034,0.003992015968063872,0.11312232404750834,0.21657591238681775,0.02594810379241517
"8289b44b3f7530e096e22d726555cd43","Nc1nc(=O)c2ncn([C@@H]3O[C@H](CO)[C@@H](O)[C@H]3O)c2[nH]1",-5.528429800098093,0.21357285429141717,0.1656686626746507,0.023952095808383235,0.005988023952095809,0.0014970059880239522,0.016966067864271458,0.000998003992015968,0.10084839919277212,0.001996007984031936,0.0187624750499002,0.00332667997338656,0.0,0.041916167664670656,0.0,0.17764471057884232,0.026613439787092484,0.04258150365934798,0.001996007984031936,0.09065997810849638,0.18722659415600534,0.02178975382568197
"3fe03bca9b69bc4215f5efc110da74ee","CC(C)(C)C(=O)C(Nc1ccc(Cl)cc1)=NNc1ccc(Cl)cc1",-3.4749383224096975,0.2275449101796407,0.26147704590818366,0.00998003992015968,0.011976047904191617,0.007984031936127744,0.001996007984031936,0.0,0.3325869304434994,0.0,0.00998003992015968,0.0,0.0,0.08283433133732535,0.001996007984031936,0.26679973386560213,0.003992015968063872,0.03992015968063872,0.003992015968063872,0.15769565962790896,0.5042082217914543,0.005988023952095809
"e63626084f8cbc66ad18c676ef4b4d64","COc1nccnc1NS(=O)(=O)c1ccc(N)cc1",1.4829332602431349,0.33682634730538924,0.23952095808383234,0.005988023952095809,0.00998003992015968,0.0,0.0,0.001996007984031936,0.16076053643250324,0.001996007984031936,0.003992015968063872,0.003992015968063872,0.0,0.07385229540918163,0.0,0.2714570858283433,0.001996007984031936,0.3592814371257485,0.0,0.468778656035143,0.4832209819708874,0.29740518962075846
"577ba8134543ed7a0f8183f08619041a","CN(C)CCCSC(N)=N",-10.099766998680575,0.20359281437125748,0.22554890219560877,0.005988023952095809,0.0,0.0,0.0,0.0,0.08537819717845796,0.001996007984031936,0.0,0.0,0.003992015968063872,0.04790419161676647,0.005988023952095809,0.15169660678642716,0.0,0.033932135728542916,0.001996007984031936,0.07710218688974638,0.08805918681591887,0.023952095808383235
"30cc530e3b74dcbd77bfe890a081207a","Fc1cn([C@H]2CCCO2)c(=O)[nH]c1=O",-7.372672245411358,0.17165668662674652,0.09181636726546906,0.4231536926147705,0.4491017964071856,0.001996007984031936,0.0,0.0,0.03575899961990614,0.001996007984031936,0.0,0.0,0.0,0.04790419161676647,0.0,0.16367265469061876,0.001996007984031936,0.06121091151031271,0.0,0.16236784585634484,0.35969996702983364,0.018629407850964733
"7789c2c659f9f661f6894f8ff0d3f6e3","COc1nccc(n1)-c1c(ncn1C1CCNCC1)-c1ccc(F)cc1",3.6033903394611726,0.09580838323353294,0.08582834331337326,0.10578842315369262,0.05389221556886228,0.005988023952095809,0.007984031936127744,0.005988023952095809,0.2562416590119699,0.011976047904191617,0.00998003992015968,0.011976047904191617,0.005988023952095809,0.023952095808383235,0.003992015968063872,0.0998003992015968,0.007984031936127744,0.10379241516966067,0.0,0.20323389628838945,0.46822224123927947,0.029940119760479042
"f1109ff8cec4ddf304195120280300c8","CN(C)C(=O)C(=O)c1cn(C)c2cc(Cl)c(cc12)C(=O)N1CCC(Cc2ccc(F)cc2)CC1",1.1235057082404163,0.02594810379241517,0.07984031936127745,0.03592814371257485,0.007984031936127744,0.003992015968063872,0.023952095808383235,0.001996007984031936,0.3904673338889944,0.011976047904191617,0.01996007984031936,0.007984031936127744,0.0,0.08183632734530938,0.011976047904191617,0.0499001996007984,0.031936127744510975,0.09281437125748503,0.001996007984031936,0.19491742148013919,0.4393668508301468,0.021956087824351298
"0a35a17e1423294818fc3c87241ba2e7","N#Cc1cccc(c1)-c1c[nH]c2ncnc(N3CCOCC3)c12",-7.135971603830171,0.0718562874251497,0.11976047904191617,0.0,0.007984031936127744,0.005988023952095809,0.0,0.0,0.29618386593852175,0.003992015968063872,0.01264138389886893,0.003992015968063872,0.0,0.04590818363273453,0.0,0.10778443113772455,0.010978043912175649,0.06187624750499002,0.0,0.1882655126801446,0.41664580339291224,0.007984031936127744
"5150242808936c9a550434875864998e","CCN(Cc1ccccc1)C(=O)Cn1c2nc(ncc2n(C)c1=O)-c1ccccc1",-10.07950618703737,0.05588822355289421,0.08582834331337326,0.005988023952095809,0.0,0.003992015968063872,0.003992015968063872,0.0,0.17866548266252305,0.003992015968063872,0.00998003992015968,0.001996007984031936,0.0,0.023952095808383235,0.0,0.04790419161676647,0.0,0.08882235528942116,0.0,0.23570073748394776,0.4208802068347129,0.011310711909514303
"eddb34ae0a58ea4e5723b8a540d8b4c4","COc1cc(NS(=O)(=O)c2ccc(N)cc2)nc(OC)n1",2.388271079687592,0.23353293413173654,0.31137724550898205,0.001996007984031936,0.029940119760479042,0.0,0.001996007984031936,0.0,0.2682585395412008,0.001996007984031936,0.005988023952095809,0.0,0.0,0.05389221556886228,0.0,0.23552894211576847,0.005988023952095809,0.20159680638722555,0.05189620758483034,0.3391252232344867,0.4375620890186849,0.09780439121756487
"2de516aef384b02d345f25de96999b9a","CCc1ccc(OCc2ccccc2C(=O)Nc2ccc3nc(C)cc(N)c3c2)cc1",-8.085245272713692,0.033932135728542916,0.07984031936127745,0.00998003992015968,0.0,0.0,0.007984031936127744,0.0,0.25777814781897634,0.003992015968063872,0.00998003992015968,0.007984031936127744,0.0007485029940119761,0.07385229540918163,0.001996007984031936,0.033932135728542916,0.007984031936127744,0.05089820359281437,0.0,0.14461930816963803,0.4833159811241347,0.00998003992015968
"a6fc44018f7847ce549a16ea4e6bea6b","CCN(CC)CCCCC1CCN(CC(=O)N2c3ccccc3C(=O)Nc3cccnc23)CC1",3.730816450622934,0.3253493013972056,0.08982035928143713,0.10578842315369262,0.011976047904191617,0.0,0.03592814371257485,0.011310711909514305,0.2915279700431756,0.011310711909514303,0.031936127744510975,0.007318695941450432,0.0,0.04790419161676647,0.003992015968063872,0.10379241516966067,0.001996007984031936,0.06387225548902195,0.005988023952095809,0.16560711303636919,0.3585678216333601,0.027944111776447105
"39dae49a1628eec7815829e200c6eb5a","CC(=O)O[C@H]1[C@H](C[C@H]2[C@@H]3CC[C@H]4C[C@H](OC(C)=O)[C@H](C[C@]4(C)[C@H]3CC[C@]12C)[N+]1(C)CCCCC1)[N+]1(C)CCCCC1",0.7798121959275582,0.3073852295409182,0.3473053892215569,0.029940119760479042,0.033932135728542916,0.003992015968063872,0.03293413173652695,0.007984031936127744,0.29466885709688173,0.003992015968063872,0.0499001996007984,0.013972055888223553,0.0,0.03592814371257485,0.001996007984031936,0.2774451097804391,0.0,0.023952095808383235,0.001996007984031936,0.05435256666232279,0.06818698923468897,0.015968063872255488
"50868c205a63a70ae298cee77ea88486","CCOc1c(cc(Cl)c(F)c1[C@@H]1CNC(=O)C1)[C@H](C)n1nc(C)c2c(N)ncnc12",9.673964050487639,0.11177644710578842,0.1497005988023952,0.07984031936127745,0.017964071856287425,0.001996007984031936,0.04757152361942781,0.011976047904191617,0.4400824381710521,0.03992015968063872,0.08972055888223554,0.03792415169660679,0.0,0.08383233532934131,0.003992015968063872,0.10635871114913031,0.00998003992015968,0.06786427145708583,0.005988023952095809,0.1457530318168747,0.3094699535275486,0.06986027944111776
"e53ce390a1a2cf69ad7c7ce9604fc075","COC(=O)Nc1ccc(cc1)-c1nc(N2CCOCC2)c2cnn(C3CCN(CC3)C(=O)OC)c2n1",0.9548724084277306,0.05389221556886228,0.08982035928143713,0.00998003992015968,0.005988023952095809,0.001996007984031936,0.00998003992015968,0.0,0.3312244795485613,0.007984031936127744,0.023952095808383235,0.02062541583499667,0.003992015968063872,0.05908183632734531,0.001996007984031936,0.09780439121756487,0.021956087824351298,0.07451763140385895,0.005988023952095809,0.18252958427350668,0.4083764082978614,0.031936127744510975
"c96ab80f3dbd2be4fdc44cba1d177fe6","C[C@@H]1O[C@@H](OC[C@H]2O[C@@H](Oc3c(oc4cc(O)cc(O)c4c3=O)-c3ccc(O)c(O)c3)[C@H](O)[C@@H](O)[C@@H]2O)[C@H](O)[C@H](O)[C@H]1O",8.2115486907798,0.5489021956087824,0.29141716566866266,0.017964071856287425,0.0499001996007984,0.011776447105788424,0.08050565535595476,0.005988023952095809,0.2958715642284648,0.05788423153692615,0.10778443113772455,0.02594810379241517,0.0,0.028942115768463075,0.003992015968063872,0.5968063872255489,0.011976047904191617,0.045508982035928146,0.0,0.10431479304553129,0.15591344734130685,0.01716566866267465
"26ec486af83a44c5f0fe4cc70916517a","CC[C@@]1(O)C(=O)OCc2c1cc1-c3nc4ccccc4c(CCNC(C)C)c3Cn1c2=O",-1.5609148095823064,0.16367265469061876,0.20159680638722555,0.013972055888223553,0.0,0.0,0.001996007984031936,0.001996007984031936,0.23410570579185896,0.001996007984031936,0.001996007984031936,0.005988023952095809,0.0,0.05588822355289421,0.0,0.23353293413173654,0.007984031936127744,0.07684630738522955,0.017964071856287425,0.3074969190816507,0.3707965626404918,0.029940119760479042
"5e229f2dc11b40c17274003a45966689","[H][C@]1(Cc2ccccc2)NC(=O)[C@H](Cc2cnc[nH]2)NC(=O)[C@@H](C)NC(=O)[C@]([H])(CSSC[C@H](NC(=O)[C@H](Cc2c[nH]c3ccccc23)NC(=O)[C@H](CCCNC(N)=N)NC1=O)C(N)=O)NC(=O)[C@H](CCCNC(N)=N)NC(C)=O",20.223403263306366,0.05588822355289421,0.15169660678642716,0.16367265469061876,0.1377245508982036,0.17465069860279442,0.0763805721889554,0.005988023952095809,0.4867271939480933,0.01996007984031936,0.14865982321072144,0.023952095808383235,0.003992015968063872,0.3263473053892216,0.09780439121756487,0.17564870259481039,0.18366600133067199,0.06387225548902195,0.00998003992015968,0.3295069448618412,0.5782957661605694,0.03942115768463074
"d9555012f9f1408d87a88ed085f446fa","CCN[C@H]1C[C@H](C)S(=O)(=O)c2sc(cc12)S(N)(=O)=O",2.1889928002504533,0.1996007984031936,0.18962075848303392,0.021956087824351298,0.04790419161676647,0.0,0.011976047904191617,0.0,0.2508248039331266,0.001996007984031936,0.011976047904191617,0.0,0.0,0.059880239520958084,0.003992015968063872,0.20758483033932135,0.017964071856287425,0.13572854291417166,0.003992015968063872,0.21151057733636316,0.3835820582660788,0.11976047904191617
"1c4d407136d65ac15c9a8a0263752f29","OC(=O)CNC(=O)c1c(O)c2ccccc2n(Cc2ccccc2)c1=O",-11.705324358226399,0.01996007984031936,0.07385229540918163,0.0,0.011976047904191617,0.001996007984031936,0.003992015968063872,0.0,0.2235765032389923,0.003992015968063872,0.011976047904191617,0.0,0.0,0.04125083166999335,0.004491017964071856,0.049234863606121095,0.001996007984031936,0.023952095808383235,0.0,0.1791864751577577,0.39274250591628,0.007984031936127744
"0268f204b1ec56ffdd71c687b3496459","CCN(CC)C(=O)c1cccnc1",-10.99370345665799,0.18562874251497005,0.2834331337325349,0.017964071856287425,0.01996007984031936,0.007984031936127744,0.001996007984031936,0.003992015968063872,0.07403482758657856,0.0,0.00998003992015968,0.0,0.0,0.021956087824351298,0.0,0.12974051896207583,0.0,0.027944111776447105,0.0,0.058075415924368795,0.09972223211875215,0.011976047904191617
"67cc686c3baf3e3868ec2169ae12ba15","COc1cc(ccc1Nc1ncnc(Nc2ccccc2S(=O)(=O)C(C)C)n1)N1CCC(CC1)N1CCN(C)CC1",6.406968465684941,0.09780439121756487,0.10978043912175649,0.03792415169660679,0.011976047904191617,0.0,0.027944111776447105,0.005988023952095809,0.43139320148805255,0.011976047904191617,0.05189620758483034,0.007984031936127744,0.0029940119760479044,0.07385229540918163,0.003992015968063872,0.10379241516966067,0.00998003992015968,0.10778443113772455,0.0,0.2728538264477595,0.4035108464904096,0.04590818363273453
"16a38b729edc5f5fa4af755d55af6359","O=C(N1CCCCC1)c1ccc2nccnc2c1",-10.770907552105673,0.15768463073852296,0.19560878243512975,0.0,0.0,0.004491017964071856,0.0,0.0,0.17845388063749626,0.0,0.001996007984031936,0.0,0.0,0.08982035928143713,0.001996007984031936,0.09381237524950099,0.0,0.031936127744510975,0.0,0.09104914369247095,0.28035608074491003,0.03526280771789753
"9094f5c62e5b09d08622b6dda9a5ffc7","O=C1C(C(=O)c2ccccc12)c1ccccc1",-6.395804633770643,0.22954091816367264,0.22554890219560877,0.031936127744510975,0.015968063872255488,0.0,0.005988023952095809,0.0,0.16436647829628787,0.00998003992015968,0.007984031936127744,0.0,0.0,0.017964071856287425,0.0,0.25349301397205587,0.003992015968063872,0.05588822355289421,0.0,0.0482550142048285,0.2022900486114813,0.04590818363273453
"5cf93e5fa9623f89f07cb7686c77d75a","CCC(C)(C)NC(=N)NC#N",-11.93903877320508,0.4351297405189621,0.34331337325349304,0.011976047904191617,0.0,0.0,0.005988023952095809,0.0,0.06811788877545562,0.0,0.001996007984031936,0.0,0.0,0.021956087824351298,0.0,0.3872255489021956,0.0,0.015968063872255488,0.0,0.04965104015085756,0.10931183392971361,0.02312042581503659
"7f4bb3aaaaef762a6f3a5847eb3a067e","COc1ccc(cc1)C(=O)C(\Cc1cc(OC)c(OC)c(OC)c1)=C(/C(O)=O)c1ccc2OCOc2c1",2.7627134558869577,0.0718562874251497,0.09381237524950099,0.13572854291417166,0.17964071856287425,0.009846972721224218,0.007984031936127744,0.0,0.21184476049818285,0.0,0.015968063872255488,0.0,0.001996007984031936,0.12978804296169563,0.05588822355289421,0.06786427145708583,0.02594810379241517,0.14770459081836326,0.0,0.25125183808010104,0.3823611122720975,0.04491017964071856
"8e19f33434dae0be5e48abaf00622699","C(CN1CCOCC1)Cc1ccc(COc2ccccc2)cc1",-11.7480183308026,0.10778443113772455,0.1217564870259481,0.001996007984031936,0.0,0.0,0.003992015968063872,0.0,0.14976317797236818,0.00998003992015968,0.011976047904191617,0.001996007984031936,0.0,0.02874251497005988,0.0,0.06986027944111776,0.0,0.012774451097804392,0.003992015968063872,0.07954682519719662,0.24409609849504144,0.017964071856287425
"dd1eede9bad6c5dacf02d1c75bab01bd","Nc1c(CC(O)=O)cccc1C(=O)c1ccc(Br)cc1",-4.274998966433857,0.09098469727212241,0.1377245508982036,0.06786427145708583,0.005988023952095809,0.015968063872255488,0.005988023952095809,0.003992015968063872,0.14357533042989,0.0,0.001996007984031936,0.007984031936127744,0.0,0.0718562874251497,0.003992015968063872,0.12574850299401197,0.001996007984031936,0.04341317365269461,0.0,0.21247208971625167,0.3340750241901222,0.031936127744510975
"d0c58fea60117e8bac5c6d8dad2672fc","COc1ccccc1NC(=O)OCC1CCN(CC1)C(=O)OC(C)(C)C",-10.190585791452417,0.08383233532934131,0.2215568862275449,0.03792415169660679,0.011976047904191617,0.001996007984031936,0.001996007984031936,0.0,0.1867988632882574,0.001996007984031936,0.003992015968063872,0.0,0.0,0.07085828343313373,0.0,0.07385229540918163,0.001996007984031936,0.031936127744510975,0.005988023952095809,0.10002472876682403,0.14101616386937504,0.011976047904191617
"fc29b367f272aa98b2654a9ff2c1bc71","CC(C)S(=O)(=O)NC[C@H](C)c1ccc(cc1)-c1ccc(CCNS(C)(=O)=O)cc1",-0.3587608391780781,0.08183632734530938,0.07584830339321358,0.013972055888223553,0.00998003992015968,0.015968063872255488,0.007984031936127744,0.0,0.32591446042054667,0.007984031936127744,0.011976047904191617,0.001996007984031936,0.0,0.05555555555555555,0.0,0.06986027944111776,0.0,0.13572854291417166,0.007984031936127744,0.2834686152971374,0.5090058239136913,0.10978043912175649
"00f337bf0e92d5a9c7b5e8cb1f41eafd","OC(=O)c1[nH]c2cc(Cl)cc(Cl)c2c1\C=C\C(=O)Nc1ccccc1",7.244583225985114,0.14770459081836326,0.21357285429141717,0.03592814371257485,0.017964071856287425,0.02594810379241517,0.01264138389886893,0.007984031936127744,0.2158071791952765,0.020958083832335328,0.05189620758483034,0.005988023952095809,0.0,0.08183632734530938,0.011976047904191617,0.15768463073852296,0.01996007984031936,0.06986027944111776,0.003992015968063872,0.3094209725584905,0.4206921034944383,0.015968063872255488
"274069cbfc72bdcb0a1276ae346802b2","COc1ccc2nc(SCc3ncc(C)c(OC)c3C)[nH]c2c1",-2.4202174998404837,0.08183632734530938,0.2155688622754491,0.033932135728542916,0.007984031936127744,0.007984031936127744,0.00998003992015968,0.0,0.1781391043518994,0.0,0.005988023952095809,0.0,0.0,0.09780439121756487,0.0,0.15518962075848303,0.003992015968063872,0.059880239520958084,0.011976047904191617,0.22016303687715788,0.5160844624305271,0.05189620758483034
"35943d18435280b4cc20cceea63c470b","CCCCCCC[n+]1ccc(cc1)-c1cc[n+](CCCCCCC)cc1",-3.1179880929579475,0.02594810379241517,0.14570858283433133,0.19161676646706588,0.011976047904191617,0.0,0.0,0.0,0.4093239070039559,0.0,0.1596806387225549,0.0,0.0,0.08582834331337326,0.0,0.041916167664670656,0.0,0.0718562874251497,0.001996007984031936,0.2554826598212013,0.7771651827491732,0.003992015968063872
"60038aceb82ce8765b8e478c1f30c433","OC(=O)CCC\C=C/C[C@@H]1CO[C@@H](O[C@@H]1c1ccccc1O)C(F)(F)F",3.728677771092287,0.19161676646706588,0.20359281437125748,0.017964071856287425,0.029940119760479042,0.02594810379241517,0.011976047904191617,0.0,0.1979275094200101,0.0,0.01996007984031936,0.0,0.0,0.14171656686626746,0.011976047904191617,0.13972055888223553,0.007984031936127744,0.16167664670658682,0.003992015968063872,0.36916369369680496,0.4208673517827927,0.04740518962075848
"063e50be81bf61eb8a8f0f5a6ed9ca7d","OC(=O)[C@@H]1CCCN1",-6.032212297912895,0.40718562874251496,0.24750499001996007,0.0,0.001996007984031936,0.001996007984031936,0.007984031936127744,0.0,0.04652361252116831,0.003992015968063872,0.005988023952095809,0.005988023952095809,0.007984031936127744,0.027944111776447105,0.0,0.27944111776447106,0.005988023952095809,0.027944111776447105,0.0,0.18531433707705747,0.10630291397210939,0.02594810379241517
"bc8a474f0f2a203fe94bb73ac77a4013","Cc1ccc(cc1NC(=O)c1ccc(OCc2ccccn2)cc1)-c1ncc[nH]1",-3.2510797439329124,0.1157684630738523,0.06786427145708583,0.007984031936127744,0.0,0.013972055888223553,0.011976047904191617,0.0,0.2371269443518657,0.0,0.029940119760479042,0.0,0.0,0.03792415169660679,0.0,0.10379241516966067,0.0,0.10379241516966067,0.023952095808383235,0.1829872990403602,0.5229399132227448,0.033932135728542916
"25ec9a2753fa73fcd6f1edc3cd45ea50","CC(C)c1cccc(C(C)C)c1O",-7.091630759150477,0.3213572854291417,0.41317365269461076,0.00998003992015968,0.01996007984031936,0.0,0.0,0.0,0.038174488494777385,0.0,0.0,0.0,0.0,0.031936127744510975,0.0,0.26746506986027946,0.0,0.13572854291417166,0.001996007984031936,0.14326404828713812,0.1726382058316056,0.054890219560878244
"4bf8d2757cc0811b8d9da5be016e08cc","Cc1nc2c(NCc3c(C)cccc3C)cc(cn2c1C)C(=O)NCCO",-8.5960191313157,0.06387225548902195,0.11377245508982035,0.027944111776447105,0.00998003992015968,0.05788423153692615,0.005988023952095809,0.0,0.17949790808409785,0.0,0.007984031936127744,0.001996007984031936,0.0,0.07385229540918163,0.0,0.08383233532934131,0.003992015968063872,0.007984031936127744,0.003992015968063872,0.13571817427190155,0.2936733574446025,0.017964071856287425
"09af5440f59e64ec94c29e9ee08a1f7d","COc1cc(NC(=O)Nc2cccc(CNC(=O)O[C@H]3CCOC3)c2)ccc1-c1cnco1",-3.657271003983105,0.0998003992015968,0.06387225548902195,0.041916167664670656,0.033932135728542916,0.001996007984031936,0.003992015968063872,0.0,0.4592874178548227,0.000998003992015968,0.023952095808383235,0.0,0.001996007984031936,0.09181636726546906,0.0,0.07984031936127745,0.003992015968063872,0.03792415169660679,0.001996007984031936,0.17416464789798214,0.3652141950857918,0.021956087824351298
"dbb12503ee3f6f0cf36960ad6fd3b810","COc1ccc(NC(=O)c2cc(OCCCN(C)C)nn2Cc2ccccc2)cc1",-15.046592863645524,0.06387225548902195,0.1157684630738523,0.003992015968063872,0.005988023952095809,0.0,0.003992015968063872,0.0,0.19932534997128135,0.001996007984031936,0.003992015968063872,0.0,0.0,0.007984031936127744,0.0,0.033932135728542916,0.0,0.029940119760479042,0.0,0.07121591856346335,0.2619665461123138,0.013972055888223553
"b16ffefcac0fc707dd056ccd0c6aa347","COc1ccc2Sc3ccccc3N(C[C@H](C)CN(C)C)c2c1",4.347692707649337,0.2934131736526946,0.17964071856287425,0.007984031936127744,0.005988023952095809,0.00998003992015968,0.01996007984031936,0.001996007984031936,0.18842232943257234,0.005988023952095809,0.031936127744510975,0.00998003992015968,0.0,0.02594810379241517,0.031936127744510975,0.3333333333333333,0.023952095808383235,0.08882235528942116,0.00998003992015968,0.1322511389702957,0.363251261595555,0.027944111776447105
"80d96efcc8a7b8f06c604c6291060320","C1CC1c1cc(Nc2ccnc(Nc3ccc4nc[nH]c4c3)n2)[nH]n1",3.653884696724578,0.1377245508982036,0.20758483033932135,0.04790419161676647,0.01996007984031936,0.005988023952095809,0.017964071856287425,0.001996007984031936,0.26351515483493465,0.0,0.027944111776447105,0.005988023952095809,0.001996007984031936,0.08383233532934131,0.001996007984031936,0.2155688622754491,0.0,0.08732534930139721,0.00998003992015968,0.2224507445701876,0.469695029193886,0.017964071856287425
"f132e46ab0b78761909b284e902e22df","OC(=O)c1cc(ccc1O)-c1ccc(F)cc1F",-7.133987776774795,0.0718562874251497,0.08383233532934131,0.06387225548902195,0.06387225548902195,0.0,0.023952095808383235,0.0,0.20246868566359363,0.013972055888223553,0.03725881570192947,0.007984031936127744,0.0,0.027944111776447105,0.0,0.03792415169660679,0.003992015968063872,0.005988023952095809,0.0,0.07123821019469581,0.2262637646251095,0.003992015968063872
"e287f9063ae4da51ac0ee75c3b4bb1ab","CC(C)(C)CCN1C[C@H]2[C@H](CNC(=O)c3cc(Cl)cc(Cl)c3)[C@H]2C1",-2.864082819238905,0.1157684630738523,0.1277445109780439,0.04790419161676647,0.027944111776447105,0.003992015968063872,0.00998003992015968,0.0,0.24900954293607924,0.001996007984031936,0.013173652694610778,0.0,0.0,0.08542914171656686,0.001996007984031936,0.13572854291417166,0.003992015968063872,0.06320691949434463,0.029940119760479042,0.1427018792056776,0.3691318235854922,0.005988023952095809
"8f495deb27385b08a86ba406ee3d13aa","OCc1c[nH]c2ccccc12",-12.206340972221954,0.8656021290751829,0.8023952095808383,0.0,0.0,0.0,0.0,0.0,0.032936777037864795,0.0,0.0,0.0,0.0,0.023952095808383235,0.0,0.7485029940119761,0.001996007984031936,0.01996007984031936,0.0,0.08217099785261085,0.0511211031256513,0.023952095808383235
"7a08733dd4535f12e45dc985257bc435","CCOc1ccc(cn1)-c1ccc(Cn2c(CC(C)(C)C(O)=O)c(SC(C)(C)C)c3cc(OCc4ccc(C)cn4)ccc23)cc1",2.961498555753487,0.0998003992015968,0.09780439121756487,0.029940119760479042,0.0718562874251497,0.001996007984031936,0.00998003992015968,0.003992015968063872,0.346869079092965,0.00998003992015968,0.041916167664670656,0.009481037924151697,0.003992015968063872,0.04790419161676647,0.0,0.05788423153692615,0.007984031936127744,0.09381237524950099,0.0,0.18247578224862593,0.4377226600571563,0.031936127744510975
