key,input,0_consensus_score,1_assay_chembl4296188_inhibition_percentage_activity_percentile_10_organism_1,1_assay_chembl4296188_inhibition_percentage_activity_percentile_1_organism_1,1_assay_chembl4296188_inhibition_percentage_activity_percentile_50_organism_2,1_assay_chembl4296188_inhibition_percentage_activity_percentile_5_organism_1,1_assay_chembl4296188_mic_pchembl_percentile_10_organism_3,1_assay_chembl4296188_mic_pchembl_percentile_1_organism_1,1_assay_chembl4296188_mic_pchembl_percentile_5_organism_1,1_assay_chembl4296188_mic_pchembl_value_5_organism_1,1_assay_chembl4296193_inhibition_percentage_activity_percentile_10_organism_3,1_assay_chembl4296193_inhibition_percentage_activity_percentile_25_organism_3,2_target_chembl614425_inhibition__percentage_activity_50_organism_1,2_target_chembl614425_inhibition__percentage_activity_percentile_1_organism_1,2_target_chembl614425_mic_um_pchembl_percentile_1_organism_1,2_target_chembl614425_mic_um_pchembl_percentile_5_organism_1,2_target_chembl614425_mic_um_pchembl_value_5_organism_1,2_target_chembl614425_mic_um_pchembl_value_6_organism_1,2_target_chembl614425_mic_um_pchembl_value_7_organism_1,2_target_chembl614425_mic_um_pchembl_value_8_organism_1,3_all_pchembl_percentile_1_organism_1,3_all_pchembl_value_7_organism_1,4_all_percentage_activity_75_organism_1,4_all_percentage_activity_90_organism_1,4_all_percentage_activity_percentile_1_organism_1,4_all_percentage_activity_percentile_5_organism_1,5_grouped_percentiles_1_organism_1
"2aadbb3d68ae9ecc8cf3201bf6b4718d","C(\C=C\c1ccccc1)N1CCN(CC1)C(c1ccccc1)c1ccccc1",6.675232650205829,0.569284445418055,0.24550898203592814,0.0833189181166979,0.6051230871590153,0.11177644710578842,0.021956087824351298,0.03792415169660679,0.05189620758483034,0.27944111776447106,0.15568862275449102,0.0,0.02594810379241517,0.0,0.003992015968063872,0.10978043912175649,0.00998003992015968,0.0,0.0,0.0,0.001996007984031936,0.0,0.005988023952095809,0.003992015968063872,0.5036926147704591,0.031936127744510975
"b0e855b8cd3775fc4097d924f54b1013","CC(C)c1nc(CN(C)C(=O)N[C@@H](CCN2CCOCC2)C(=O)N[C@H](CC[C@H](Cc2ccccc2)NC(=O)OCc2cncs2)Cc2ccccc2)cs1",14.926129739530461,0.47246328567787477,0.4135063206919495,0.06961217130122684,0.5057884231536927,0.1656686626746507,0.0,0.031936127744510975,0.003992015968063872,0.08183632734530938,0.04790419161676647,0.03792415169660679,0.34364604125083165,0.003992015968063872,0.022954091816367265,0.09281437125748503,0.041916167664670656,0.01996007984031936,0.0,0.0,0.027278775781769793,0.023952095808383235,0.015968063872255488,0.09780439121756487,0.499001996007984,0.3393213572854291
"949fbb82b193f3af33d3c61d7b18f691","COc1ccc(\C=C\C(=O)OCCC(C)C)cc1",-12.309302353598902,0.07976715009177517,0.007984031936127744,0.061584888775491835,0.03992015968063872,0.09181636726546906,0.0,0.0,0.0,0.08782435129740519,0.08383233532934131,0.0,0.001996007984031936,0.0,0.001996007984031936,0.03992015968063872,0.003992015968063872,0.001996007984031936,0.0,0.003992015968063872,0.001996007984031936,0.0,0.0,0.001996007984031936,0.013972055888223553,0.003992015968063872
"f5b3b70ccf21890569a713cc2f7a7a66","COc1ccc(cc1)S(=O)(=O)N[C@@H](CNc1nc(C)nc(N2CCC(CC2)c2ccc3CCCNc3n2)c1C)C(O)=O",5.300318576571866,0.24318108810883332,0.04590818363273453,0.014731987881740688,0.14171656686626746,0.16766467065868262,0.0,0.021956087824351298,0.005988023952095809,0.059880239520958084,0.05389221556886228,0.005988023952095809,0.023952095808383235,0.003992015968063872,0.015968063872255488,0.11643379906852962,0.05089820359281437,0.022754491017964073,0.001996007984031936,0.001996007984031936,0.007984031936127744,0.01996007984031936,0.005988023952095809,0.007984031936127744,0.11776447105788423,0.01996007984031936
"0eee215415b35e90c2f31c68d8053c12","CCN(CC)C(=O)N1CCN(C)CC1",-14.369629982531233,0.0004096095179282224,0.0,0.9232533677022169,0.0,0.02594810379241517,0.0,0.003992015968063872,0.0,0.10778443113772455,0.19028609447771125,0.0,0.0,0.0,0.0,0.03992015968063872,0.001996007984031936,0.0,0.0,0.0,0.003992015968063872,0.0,0.0,0.0,0.0,0.0
"007da00a6b74526c15dae57cb140e9aa","OC[C@@H](O)[C@H]1O[C@@H]2O[C@@H](O[C@@H]2[C@H]1O)C(Cl)(Cl)Cl",3.9109659030036132,0.2537837041436951,0.09580838323353294,0.056889012050519376,0.22954091816367264,0.24750499001996007,0.0,0.01996007984031936,0.001996007984031936,0.18163672654690619,0.17165668662674652,0.001996007984031936,0.041916167664670656,0.003992015968063872,0.006102081551183347,0.08848968729208251,0.02445109780439122,0.001996007984031936,0.0,0.003992015968063872,0.001996007984031936,0.003992015968063872,0.007984031936127744,0.01996007984031936,0.09580838323353294,0.031936127744510975
"f0aad388a7b769ccc5662df2cf5cde41","CC(C)n1c2sc(Cc3c(C)[nH]nc3C(F)(F)F)c(C(=O)N3C[C@](C)(O)CO3)c2c(=O)n(C)c1=O",1.8397438220867375,0.08555528481509511,0.007984031936127744,0.029118208683439263,0.0499001996007984,0.10578842315369262,0.003992015968063872,0.013972055888223553,0.023952095808383235,0.249500998003992,0.23353293413173654,0.003992015968063872,0.017964071856287425,0.007984031936127744,0.012807717897538255,0.20958083832335328,0.05123087159015303,0.001996007984031936,0.0,0.003992015968063872,0.0,0.007984031936127744,0.0,0.011976047904191617,0.03792415169660679,0.018962075848303395
"420600b888b92db19ed6725fa05bb061","Fc1ccc(cc1)C(CCCN1CCC(CC1)n1c2ccccc2[nH]c1=O)c1ccc(F)cc1",-3.0893070872133324,0.3176335619911451,0.09780439121756487,0.016855172730055032,0.19527611443779108,0.10379241516966067,0.0,0.5449101796407185,0.005988023952095809,0.07385229540918163,0.013972055888223553,0.0,0.033932135728542916,0.001996007984031936,0.00499001996007984,0.06187624750499002,0.00998003992015968,0.003992015968063872,0.0,0.0,0.001996007984031936,0.0,0.0,0.011976047904191617,0.15489021956087823,0.041916167664670656
"0c9d1db8c376c80ee6ba6db72016bf27","CCCc1c(O)c(ccc1SCCCOc1ccc(C(C)=O)c(OCCCC(O)=O)c1CCC)C(C)=O",16.49185957362956,0.6398040806750426,0.20359281437125748,0.018622730947442125,0.4063539587491683,0.1157684630738523,0.001996007984031936,0.06986027944111776,0.015968063872255488,0.10379241516966067,0.07984031936127745,0.015968063872255488,0.10645375914836992,0.003992015968063872,0.03992015968063872,0.10578842315369262,0.031936127744510975,0.027944111776447105,0.0,0.029940119760479042,0.011976047904191617,0.01996007984031936,0.021956087824351298,0.0718562874251497,0.25948103792415167,0.0658682634730539
"9beb66816506fe7d206086171a930212","OC(=O)c1cc(O)c(O)c(O)c1",4.832141269216156,0.4722512166652283,0.08982035928143713,0.05266983150403512,0.2087824351297405,0.16367265469061876,0.003992015968063872,0.005988023952095809,0.007984031936127744,0.5980039920159681,0.5668662674650699,0.016966067864271458,0.03992015968063872,0.0,0.0027944111776447103,0.11277445109780439,0.007984031936127744,0.0,0.0,0.000998003992015968,0.001996007984031936,0.00998003992015968,0.011976047904191617,0.011976047904191617,0.05189620758483034,0.005988023952095809
"680e0a4c985a6507dfaa84a63ff512bc","CNC[C@H](O)c1cccc(O)c1",0.19765188976745057,0.3552286548195944,0.0,0.6795608526799017,0.15768463073852296,0.26746506986027946,0.012375249500998005,0.011976047904191617,0.017964071856287425,0.1936127744510978,0.13572854291417166,0.0,0.001996007984031936,0.001996007984031936,0.013972055888223553,0.05389221556886228,0.013972055888223553,0.00219560878243513,0.0,0.0,0.001996007984031936,0.0,0.0,0.0,0.08383233532934131,0.003992015968063872
"1c10f7fbf0ff8d91bda228f1ea8f57e6","CC(=O)Nc1ccc(cc1)S(=O)(=O)Nc1ccc(cc1)[N+]([O-])=O",-8.98021102198685,0.21095553567935232,0.017964071856287425,0.010246798602983368,0.04790419161676647,0.1596806387225549,0.0,0.0,0.0,0.6716329246269366,0.6856525045147799,0.001996007984031936,0.005988023952095809,0.0,0.0,0.05389221556886228,0.01996007984031936,0.0,0.0,0.0,0.0,0.0,0.0,0.0,0.00998003992015968,0.003992015968063872
"705f6a5c88698929e98ec9ca768b28f5","CC[N+](C)(C)Cc1ccccc1Br",-1.9089696185725402,0.2467080879254544,0.005988023952095809,0.5668344579278095,0.2554890219560878,0.17764471057884232,0.0,0.00998003992015968,0.02594810379241517,0.2874251497005988,0.17964071856287425,0.0,0.001996007984031936,0.0,0.027278775781769793,0.029940119760479042,0.029940119760479042,0.0,0.0,0.0,0.0,0.0,0.0,0.0,0.1497005988023952,0.005988023952095809
"ce6d0a2e028383a3c45dd50be8a23f84","C[C@@H]1O[C@@H]1P(O)(O)=O",-13.997708699856814,0.0350141453602896,0.001996007984031936,0.26410064104070846,0.035429141716566866,0.029940119760479042,0.0,0.001996007984031936,0.0,0.23353293413173654,0.3333333333333333,0.0,0.0,0.0,0.0,0.001996007984031936,0.0,0.0,0.0,0.0,0.0,0.0,0.0,0.0,0.005988023952095809,0.001996007984031936
"b0a4955174923b0ca540b6a0580dbc97","CN1CCN(CC1)c1nc(C)nc2n(C3CCOCC3)c(nc12)-c1ccccc1Cl",-5.982692482356006,0.17641871470432108,0.07584830339321358,0.009627548531829618,0.11377245508982035,0.1317365269461078,0.0,0.013972055888223553,0.0,0.0718562874251497,0.11277445109780439,0.001996007984031936,0.06387225548902195,0.0,0.0,0.06320691949434465,0.003992015968063872,0.005988023952095809,0.0,0.0,0.001996007984031936,0.005988023952095809,0.0,0.001996007984031936,0.09780439121756487,0.033932135728542916
"6a626b6d3feb82c5d17e4c2e77ad07a4","CC(C)CCNC(=O)[C@H](CC(C)C)NC(=O)[C@H]1O[C@@H]1C(O)=O",3.366013338596997,0.48511542169217636,0.07385229540918163,0.018380680237885715,0.3937125748502994,0.2375249500998004,0.0,0.011976047904191617,0.00998003992015968,0.08982035928143713,0.04790419161676647,0.005988023952095809,0.06187624750499002,0.001996007984031936,0.007784431137724551,0.08639863130881095,0.03792415169660679,0.001996007984031936,0.0,0.0,0.001996007984031936,0.003992015968063872,0.001996007984031936,0.05788423153692615,0.2397205588822355,0.029940119760479042
"074f6ce073367a3297559e13ec48c164","C[S+](C)CC[C@H](N)C(O)=O",-10.922702018556512,0.13219116271195402,0.00998003992015968,0.1714700963112213,0.12574850299401197,0.05588822355289421,0.0,0.0,0.0,0.10778443113772455,0.08183632734530938,0.0,0.001996007984031936,0.0,0.0,0.031936127744510975,0.001996007984031936,0.0,0.0,0.0,0.0,0.001996007984031936,0.001996007984031936,0.0,0.1377245508982036,0.005988023952095809
"421e2139e41bd7c4ce40e96398a424ec","CN(C\C=C\C#CC(C)(C)C)Cc1cccc2ccccc12",2.8122373920525177,0.717385357002295,0.626746506986028,0.3663034275431045,0.7904191616766467,0.1497005988023952,0.0,0.08383233532934131,0.0,0.2754491017964072,0.2994011976047904,0.0,0.6846307385229541,0.0,0.0,0.0,0.003992015968063872,0.0,0.0,0.0,0.0,0.0,0.0,0.0,0.6906187624750499,0.6027944111776448
"1ee7d36cee27bcef1e50bdb7ec9dce32","CC(C)N[C@H]1CCn2c3c(cccc3[nH]c2=O)[C@@H]1O",-3.028798592997413,0.18733372947838928,0.0,0.23976207893743823,0.043912175648702596,0.1936127744510978,0.0,0.029940119760479042,0.005988023952095809,0.2774451097804391,0.1996007984031936,0.0,0.005988023952095809,0.0,0.005988023952095809,0.09181636726546906,0.005988023952095809,0.011976047904191617,0.0,0.0,0.003992015968063872,0.00249500998003992,0.0,0.001996007984031936,0.05389221556886228,0.017964071856287425
"89c67dd27229605ca0801123efc21aab","O=C(O[C@H]1[C@H](OC(=O)c2cccnc2)[C@@H](OC(=O)c2cccnc2)[C@H](OC(=O)c2cccnc2)[C@H](OC(=O)c2cccnc2)[C@@H]1OC(=O)c1cccnc1)c1cccnc1",20.54642433388744,0.3547044048693954,0.06786427145708583,0.02344196341512944,0.16167664670658682,0.16966067864271456,0.007984031936127744,0.02594810379241517,0.041916167664670656,0.4237524950099801,0.3649367930805057,0.00998003992015968,0.04125083166999334,0.031603459747172324,0.0552228875582169,0.110645375914837,0.09201596806387226,0.04890219560878244,0.013972055888223553,0.0166333998669328,0.02980705256154358,0.00998003992015968,0.013972055888223553,0.033932135728542916,0.09431137724550898,0.06986027944111776
"d2cf17516dc088f688519407f964d068","OC(=O)c1cnn(c1)-c1nc2cc(Cl)c(OC(F)(F)F)cc2[nH]1",-0.2774867346162712,0.27019987014633945,0.01996007984031936,0.029777672339246927,0.11976047904191617,0.2874251497005988,0.0,0.027944111776447105,0.005988023952095809,0.3844311377245509,0.25349301397205587,0.001996007984031936,0.00998003992015968,0.0,0.007984031936127744,0.1437125748502994,0.027677977378576177,0.003992015968063872,0.0,0.001996007984031936,0.001996007984031936,0.003992015968063872,0.0,0.001996007984031936,0.08582834331337326,0.005988023952095809
"8eb6bac423c8069004ac9f509d0510e8","CCOC(=O)CCC\C=C/C\C=C/C\C=C/C\C=C/C\C=C/CC",2.744051919239298,0.2019522341723552,0.03792415169660679,0.05115021793843368,0.10379241516966067,0.14570858283433133,0.0,0.05389221556886228,0.001996007984031936,0.16367265469061876,0.18363273453093812,0.0,0.029940119760479042,0.001996007984031936,0.005988023952095809,0.06986027944111776,0.11044577511643379,0.005988023952095809,0.0,0.001996007984031936,0.007984031936127744,0.001996007984031936,0.003992015968063872,0.027944111776447105,0.17165668662674652,0.017964071856287425
"78ec37a1067c8b48aecfdfac9d74c4b3","ClCCC(=O)NCc1ccccc1",-10.196545384047944,0.039553286390842816,0.001996007984031936,0.7184534521571557,0.03792415169660679,0.1936127744510978,0.0,0.001996007984031936,0.0,0.05588822355289421,0.11177644710578842,0.0,0.00998003992015968,0.001996007984031936,0.005988023952095809,0.00998003992015968,0.003992015968063872,0.0,0.0,0.003992015968063872,0.001996007984031936,0.0,0.0,0.0,0.021956087824351298,0.011976047904191617
"e80730a24308251808a6afefce248643","CSc1ccccc1Nc1nc(nc2c(NCC3CC3)ncnc12)N1CCNCC1",-2.394228300363679,0.23731490840888794,0.011976047904191617,0.03983141883550739,0.10778443113772455,0.3093812375249501,0.0,0.017964071856287425,0.0,0.09381237524950099,0.07385229540918163,0.011976047904191617,0.01996007984031936,0.0,0.006653359946773121,0.09580838323353294,0.04790419161676647,0.0,0.0,0.0,0.0,0.00998003992015968,0.001996007984031936,0.011976047904191617,0.11976047904191617,0.011976047904191617
"9172f31282429b35e2468cf6e6e259c1","CN(CC[C@@H](Oc1ccc(cc1)-c1ccccc1)c1ccc(F)cc1)CC(O)=O",-10.80257236837371,0.30907069005292553,0.041916167664670656,0.0083740253749474,0.2307385229540918,0.06187624750499002,0.0,0.021956087824351298,0.001996007984031936,0.02594810379241517,0.031936127744510975,0.0,0.003992015968063872,0.0,0.001996007984031936,0.04790419161676647,0.003992015968063872,0.0,0.0,0.0,0.001996007984031936,0.001996007984031936,0.0,0.001996007984031936,0.14271457085828343,0.007984031936127744
"a257d80b36b43d9101731c60e5f2cb7d","COC(=O)[C@@H]1C[C@H](OC(C)=O)C(=O)[C@H]2[C@@]1(C)CC[C@H]1C(=O)O[C@@H](C[C@]21C)c1ccoc1",7.32164401928771,0.3748689414192236,0.06986027944111776,0.020699085431946925,0.24550898203592814,0.21756487025948104,0.0,0.043912175648702596,0.021956087824351298,0.1157684630738523,0.1312375249500998,0.007984031936127744,0.08882235528942116,0.0,0.015968063872255488,0.17564870259481039,0.04258150365934797,0.0,0.0,0.0,0.003992015968063872,0.015169660678642715,0.013972055888223553,0.05389221556886228,0.13972055888223553,0.027944111776447105
"cc949d5c072b22e6d61da74187460255","COc1ccc(C[C@@H](C)NC[C@H](O)c2ccc(O)c3[nH]c(=O)ccc23)cc1",0.03978902444180963,0.40829315538009403,0.05389221556886228,0.010373083477358228,0.25149700598802394,0.05189620758483034,0.0,0.041916167664670656,0.003992015968063872,0.05389221556886228,0.06187624750499002,0.0,0.023952095808383235,0.00998003992015968,0.02594810379241517,0.0718562874251497,0.04790419161676647,0.0,0.0,0.003992015968063872,0.005988023952095809,0.0,0.0,0.011976047904191617,0.2754491017964072,0.017964071856287425
"25c3b6e275f492ef12d83809e3deec28","Cc1ccc(cc1NC(=O)c1cccc(NC(=O)Nc2cccc(c2)C(=O)Nc2cc(ccc2C)C(=O)Nc2ccc(c3cc(cc(c23)S(O)(=O)=O)S(O)(=O)=O)S(O)(=O)=O)c1)C(=O)Nc1ccc(c2cc(cc(c12)S(O)(=O)=O)S(O)(=O)=O)S(O)(=O)=O",23.037949749665966,0.18915522805682491,0.029940119760479042,0.5032683417927757,0.10978043912175649,0.15169660678642716,0.011976047904191617,0.09780439121756487,0.14171656686626746,0.1111111111111111,0.14770459081836326,0.013972055888223553,0.04590818363273453,0.05089820359281437,0.1497005988023952,0.4294252208636206,0.22208915502328672,0.03526280771789753,0.021956087824351298,0.04324683965402528,0.05389221556886228,0.01996007984031936,0.02594810379241517,0.031936127744510975,0.07784431137724551,0.031936127744510975
"d50d12f41595b302dd516342a3a8f898","CN1Cc2ccccc2[C@H]2[C@H]1Cc1c[nH]c3cccc2c13",3.680673028506556,0.4713851828676243,0.07385229540918163,0.017521367515384374,0.3373253493013972,0.07784431137724551,0.0,0.021956087824351298,0.003992015968063872,0.32934131736526945,0.29740518962075846,0.003992015968063872,0.05189620758483034,0.001996007984031936,0.005988023952095809,0.0998003992015968,0.02594810379241517,0.003992015968063872,0.0,0.0,0.003992015968063872,0.001996007984031936,0.0,0.013972055888223553,0.25109780439121754,0.06187624750499002
"d33578ca6c02be00e4de0fb998f4b071","Cc1cc(N2CCN(CC2)[C@@H]2CN[C@@H](C2)C(=O)N2CCSC2)n(n1)-c1ccccc1",0.8814076558705697,0.12650702362114816,0.05588822355289421,0.16390665715651678,0.10479041916167664,0.12375249500998003,0.0,0.031936127744510975,0.001996007984031936,0.09181636726546906,0.15768463073852296,0.001996007984031936,0.0,0.003992015968063872,0.029940119760479042,0.09431137724550898,0.038922155688622756,0.001996007984031936,0.0,0.003992015968063872,0.005988023952095809,0.001996007984031936,0.0,0.003992015968063872,0.09381237524950099,0.021956087824351298
"3d71d074f8b11db46a7f5fdea1f7f439","COc1cc(Br)c(cc1OC)S(=O)(=O)Nc1ccc(Cl)c(O[C@@H]2CCN(C)C2)c1",-5.620308197802206,0.26892094904815456,0.031936127744510975,0.014068790307386121,0.09381237524950099,0.05389221556886228,0.0,0.05588822355289421,0.0,0.14570858283433133,0.09381237524950099,0.0,0.00998003992015968,0.003992015968063872,0.001996007984031936,0.10146373918829009,0.02594810379241517,0.0,0.0,0.001996007984031936,0.001996007984031936,0.0,0.0,0.00998003992015968,0.0658682634730539,0.017964071856287425
"98a17d1e5e9c57ce1ee56354615a0181","CCC1(C)CC(=O)NC(=O)C1",-10.642152451562787,0.0489765036203468,0.0,0.22360149659520676,0.00998003992015968,0.0718562874251497,0.0,0.003992015968063872,0.003992015968063872,0.530938123752495,0.5129740518962076,0.0,0.003992015968063872,0.0,0.0,0.015968063872255488,0.001996007984031936,0.003992015968063872,0.0,0.0,0.0,0.0,0.0,0.007984031936127744,0.007984031936127744,0.0
"7d5562edc306d0feadf3138060d578d1","C1C[C@@H](Nc2nc3ccccc3[nH]2)c2ccccc2C1",-4.90901381136655,0.28311746402113375,0.029940119760479042,0.018423320816704388,0.21956087824351297,0.11177644710578842,0.0,0.017964071856287425,0.0,0.2754491017964072,0.1996007984031936,0.0,0.00998003992015968,0.001996007984031936,0.001996007984031936,0.0499001996007984,0.005988023952095809,0.0013306719893546241,0.0,0.0,0.001996007984031936,0.001996007984031936,0.0,0.00998003992015968,0.10778443113772455,0.02594810379241517
"2ece77a5f0805ebded125cea9c48852b","Fc1ccc(cc1)-n1cc(CCCCN2CCC3(CC2)OCc2ccccc32)c2ccccc12",6.904035194126446,0.45705639034750734,0.13373253493013973,0.025974875622528183,0.413107119095143,0.11377245508982035,0.001996007984031936,0.09580838323353294,0.01996007984031936,0.08183632734530938,0.07518296739853628,0.003992015968063872,0.13373253493013973,0.0026613439787092482,0.003992015968063872,0.08582834331337326,0.021956087824351298,0.000998003992015968,0.0,0.0029940119760479044,0.003992015968063872,0.005988023952095809,0.001996007984031936,0.03992015968063872,0.2694610778443114,0.10978043912175649
"2e4ed77a8c48d5adcb5336552a5c64d8","COC(=O)CCC(=O)CN",-5.857668087362625,0.08270810236556336,0.005988023952095809,0.8060656578196222,0.013972055888223553,0.5129740518962076,0.003992015968063872,0.011976047904191617,0.003992015968063872,0.1377245508982036,0.17165668662674652,0.0,0.023952095808383235,0.0,0.005988023952095809,0.011976047904191617,0.017964071856287425,0.0,0.0,0.0,0.0,0.0,0.0,0.0,0.005988023952095809,0.11976047904191617
"c338f5d8feb466dc7b171ddbc1a52fe6","CC(C)SC(N)=N",-2.524885364919798,0.23320921136930567,0.001996007984031936,0.5444286286746064,0.20159680638722555,0.14171656686626746,0.005988023952095809,0.017964071856287425,0.033932135728542916,0.36726546906187624,0.48902195608782434,0.0,0.0,0.0,0.001996007984031936,0.013972055888223553,0.001996007984031936,0.0,0.0,0.0,0.001996007984031936,0.0,0.0,0.0,0.15568862275449102,0.003992015968063872
"33f54ca879d1da8d3643ba72a9e17eee","CC(C)C[C@H](N(C)Cc1ccc(cc1)C(C)(C)C)C(=O)N[C@@H](Cc1ccc(OCc2ccccc2)cc1)C(=O)NC(C)(C)C",9.64413605639353,0.31913118221039294,0.07584830339321358,0.009453310724888045,0.1656686626746507,0.14171656686626746,0.0,0.06986027944111776,0.003992015968063872,0.05588822355289421,0.033932135728542916,0.0,0.08782435129740519,0.00998003992015968,0.0499001996007984,0.05389221556886228,0.027944111776447105,0.00998003992015968,0.007984031936127744,0.007984031936127744,0.013972055888223553,0.029940119760479042,0.015968063872255488,0.027944111776447105,0.18762475049900199,0.03792415169660679
"74c30eef4e0bad04dc8a714f3482f49d","Cc1ccc(NC(=O)CCCCCC(=O)Nc2ccccc2N)cc1",1.5246105322825598,0.20555974703131527,0.03792415169660679,0.01055695650266694,0.1157684630738523,0.12574850299401197,0.0,0.0,0.0,0.13972055888223553,0.19161676646706588,0.003992015968063872,0.03992015968063872,0.0,0.005988023952095809,0.1157684630738523,0.03592814371257485,0.003992015968063872,0.001996007984031936,0.004324683965402528,0.001996007984031936,0.007984031936127744,0.001996007984031936,0.03992015968063872,0.25748502994011974,0.001996007984031936
"29cb15823427b9974e2fa4d06757486b","COc1ccc(cc1)[C@@H]1Sc2ccccc2N(CCN(C)C)C(=O)[C@@H]1OC(C)=O",7.329450918170257,0.6872620832887525,0.6526946107784432,0.22882543090414592,0.6646706586826348,0.10179640718562874,0.0,0.05189620758483034,0.02594810379241517,0.09447771124417831,0.16367265469061876,0.0,0.6467065868263473,0.0,0.010179640718562874,0.07784431137724551,0.015968063872255488,0.0,0.0,0.0,0.001996007984031936,0.0,0.0,0.6526946107784432,0.6786427145708582,0.6467065868263473
"a8587ec20815e663a354bb33342cb90a","CC(=O)NCCCOc1ccc(cc1)C(=O)N1CCC(CC1)N1C(=O)CCc2ccccc12",-5.0889652684672795,0.12884422432399983,0.023952095808383235,0.008674662904186862,0.08183632734530938,0.041916167664670656,0.0,0.013972055888223553,0.00998003992015968,0.05788423153692615,0.0718562874251497,0.003992015968063872,0.043912175648702596,0.0,0.001996007984031936,0.07784431137724551,0.017964071856287425,0.003992015968063872,0.0,0.005988023952095809,0.013972055888223553,0.0,0.0,0.015968063872255488,0.07984031936127745,0.023952095808383235
"15195dabe2997cd19e688bb07048fd93","CCCCCCCCC(F)(F)C(F)(F)C(F)(F)C(F)(F)C(F)(F)C(F)(F)F",-2.2269945983419017,0.1704436368937379,0.05788423153692615,0.0032018503987070453,0.1497005988023952,0.2055888223552894,0.0,0.001996007984031936,0.0,0.09381237524950099,0.18962075848303392,0.007984031936127744,0.0499001996007984,0.0,0.0,0.05389221556886228,0.005988023952095809,0.0,0.0,0.0,0.0,0.013972055888223553,0.015968063872255488,0.05189620758483034,0.23952095808383234,0.021956087824351298
"2f897ce96e7b087b4e69c992131f83fd","Cc1cccc(C)c1N(CC(=O)Nc1ccc(cc1)-c1ncon1)C(=O)C1CCS(=O)(=O)CC1",-5.413618272445144,0.19706674487918452,0.003992015968063872,0.007945885608268739,0.10179640718562874,0.09381237524950099,0.007984031936127744,0.04790419161676647,0.005988023952095809,0.08982035928143713,0.0658682634730539,0.0,0.005988023952095809,0.0,0.015968063872255488,0.05389221556886228,0.023952095808383235,0.0,0.0,0.0029940119760479044,0.0,0.0,0.0,0.017964071856287425,0.07385229540918163,0.02594810379241517
"5b0ab60ba5745bcbc4e7af8bddd61b11","N[Pt](N)(Cl)Cl",-9.396287766252826,0.021799705912033725,0.003992015968063872,0.6499550986949263,0.041916167664670656,0.0658682634730539,0.0,0.05788423153692615,0.021956087824351298,0.6686626746506986,0.6866267465069861,0.0,0.001996007984031936,0.0,0.0,0.011976047904191617,0.003992015968063872,0.0,0.0,0.0,0.0,0.0,0.0,0.0,0.003992015968063872,0.001996007984031936
"33352b0633061a81a8450c57519ab09a","COC(=O)c1cc(OC)c2OCOc2c1-c1c2OCOc2c(OC)cc1CO",-1.9212501017743924,0.2437675525207158,0.05189620758483034,0.024409967203432466,0.1157684630738523,0.10379241516966067,0.0,0.029940119760479042,0.017964071856287425,0.1536926147704591,0.1996007984031936,0.0,0.02594810379241517,0.0,0.003992015968063872,0.09580838323353294,0.04111776447105789,0.0,0.0,0.00033266799733865603,0.003992015968063872,0.001996007984031936,0.001996007984031936,0.00998003992015968,0.11177644710578842,0.023286759813705923
"e206dc46b9320afc0376105e0fe15df9","COc1ccc(cc1)C(=O)C=C(O)c1ccc(cc1)C(C)(C)C",-1.7231584430246705,0.4484659281268114,0.10179640718562874,0.03724454139857657,0.3785761809713905,0.05189620758483034,0.0,0.001996007984031936,0.0,0.3107119095143048,0.3972055888223553,0.001996007984031936,0.06986027944111776,0.0,0.00998003992015968,0.015968063872255488,0.00998003992015968,0.0,0.0,0.0,0.0,0.001996007984031936,0.003992015968063872,0.001996007984031936,0.25748502994011974,0.013972055888223553
"7d9219d647a2cb5952eb7c3fe9f6a826","C[C@H](Cc1ccccc1)N(C)CC#C",-10.083475611214991,0.08058653939902041,0.0,0.7138160547356714,0.03592814371257485,0.1996007984031936,0.0,0.00998003992015968,0.0,0.18163672654690619,0.2554890219560878,0.0,0.001996007984031936,0.001996007984031936,0.0,0.005988023952095809,0.001996007984031936,0.0,0.0,0.0,0.001996007984031936,0.0,0.0,0.0,0.043912175648702596,0.0
"f6acbe3a0dcaf64024809b01bf082137","CCCCC1(COC(=O)CCC(O)=O)C(=O)N(N(C1=O)c1ccccc1)c1ccccc1",7.161169036807875,0.4369347736004089,0.1377245508982036,0.017015684974031175,0.38892215568862276,0.10778443113772455,0.0,0.021956087824351298,0.08383233532934131,0.1497005988023952,0.10379241516966067,0.001996007984031936,0.041916167664670656,0.001996007984031936,0.003992015968063872,0.06187624750499002,0.02594810379241517,0.013972055888223553,0.003992015968063872,0.00998003992015968,0.003992015968063872,0.001996007984031936,0.0,0.021956087824351298,0.17564870259481039,0.023952095808383235
"3daf6c1bd694637a015f1cee725553c0","Oc1ccc(Br)cc1-c1cc(-c2ccccc2)c(C#N)c(=O)[nH]1",-2.1000438619594686,0.29045509635427724,0.06387225548902195,0.01274797155129715,0.1051230871590153,0.13373253493013973,0.0,0.007984031936127744,0.0,0.07984031936127745,0.14171656686626746,0.0,0.023952095808383235,0.0,0.033932135728542916,0.07784431137724551,0.03792415169660679,0.015968063872255488,0.0,0.0,0.005988023952095809,0.0,0.0,0.001996007984031936,0.08383233532934131,0.03792415169660679
"4e442a161c724b8213cf4fa1dd3fb886","Cc1ncc(CO)c(C=O)c1O",-5.780926871026879,0.1122229019543909,0.007984031936127744,0.1408552721419548,0.043912175648702596,0.18562874251497005,0.0,0.0,0.003992015968063872,0.4291417165668663,0.3772455089820359,0.0,0.0,0.001996007984031936,0.003992015968063872,0.013972055888223553,0.005988023952095809,0.003992015968063872,0.001996007984031936,0.001996007984031936,0.0,0.0,0.0,0.001996007984031936,0.007984031936127744,0.001996007984031936
"98c481e107593dfd9da6599b9e9ba8d0","Clc1ccc(cc1)-n1cc([nH]c1=O)N1CCOCC1",-8.910957194907462,0.118285800576058,0.005988023952095809,0.16143209854849194,0.043912175648702596,0.1217564870259481,0.0,0.005988023952095809,0.001996007984031936,0.12375249500998003,0.20126413838988688,0.0,0.00998003992015968,0.0,0.001996007984031936,0.08383233532934131,0.015968063872255488,0.0,0.0,0.0,0.0,0.0,0.0,0.001996007984031936,0.03792415169660679,0.005988023952095809
"124a488c19cee2fa7f90d6511022e01d","CNS(=O)(=O)CCc1ccc2[nH]cc(C3CCN(C)CC3)c2c1",-5.328512617726579,0.19863317418951093,0.021956087824351298,0.21483555136394497,0.14171656686626746,0.2055888223552894,0.0,0.023952095808383235,0.023952095808383235,0.06786427145708583,0.06387225548902195,0.0,0.007984031936127744,0.0,0.005988023952095809,0.07784431137724551,0.014471057884231538,0.0,0.0,0.0,0.0,0.0,0.0,0.001996007984031936,0.08383233532934131,0.015968063872255488
"8f4c3bc1d2824e0e1b3057c14d69e225","Cc1cc(N)c2ccccc2[n+]1CCCCCCCCCC[n+]1c(C)cc(N)c2ccccc12",10.754321735595024,0.2717582016451894,0.059880239520958084,0.04898583028008007,0.26413838988689287,0.07784431137724551,0.0,0.027944111776447105,0.013972055888223553,0.0499001996007984,0.1157684630738523,0.011976047904191617,0.16966067864271456,0.0,0.011976047904191617,0.1596806387225549,0.1596806387225549,0.007984031936127744,0.0,0.0,0.007984031936127744,0.02594810379241517,0.02594810379241517,0.17764471057884232,0.5369261477045908,0.07784431137724551
"c93a559f1060e0df0aa899eb55c69835","C[C@@H]1CC(=O)c2c(C1)ccc1C(=O)c3c(O)cccc3C(=O)c21",-4.030610200943155,0.1805248033250901,0.09181636726546906,0.010192707926042708,0.06719893546240852,0.16966067864271456,0.0,0.00998003992015968,0.005988023952095809,0.1936127744510978,0.1536926147704591,0.003992015968063872,0.015968063872255488,0.0,0.003992015968063872,0.0658682634730539,0.023952095808383235,0.003992015968063872,0.0,0.0,0.001996007984031936,0.005988023952095809,0.001996007984031936,0.005988023952095809,0.04790419161676647,0.013972055888223553
"e09f3f074da1d083273c74904220de7c","O[C@@H](CNCCOc1ccc(CC(O)=O)cc1)c1ccccc1",-3.5782683011069625,0.4018822795959046,0.06387225548902195,0.13946389392144937,0.2996007984031936,0.10578842315369262,0.0,0.01996007984031936,0.027944111776447105,0.043912175648702596,0.06986027944111776,0.001996007984031936,0.021956087824351298,0.0,0.005988023952095809,0.031936127744510975,0.012974051896207584,0.0,0.0,0.0,0.0,0.001996007984031936,0.001996007984031936,0.001996007984031936,0.16600133067198933,0.003992015968063872
"8289b44b3f7530e096e22d726555cd43","Nc1nc(=O)c2ncn([C@@H]3O[C@H](CO)[C@@H](O)[C@H]3O)c2[nH]1",3.80650369169164,0.3953767740612467,0.249500998003992,0.03500010551296654,0.4031936127744511,0.07784431137724551,0.0,0.003992015968063872,0.0,0.16367265469061876,0.249500998003992,0.011976047904191617,0.05189620758483034,0.0,0.001996007984031936,0.0658682634730539,0.017964071856287425,0.0,0.0,0.0,0.001996007984031936,0.027944111776447105,0.005988023952095809,0.0658682634730539,0.22954091816367264,0.03792415169660679
"3fe03bca9b69bc4215f5efc110da74ee","CC(C)(C)C(=O)C(Nc1ccc(Cl)cc1)=NNc1ccc(Cl)cc1",-6.88812801603229,0.1761973311052513,0.023952095808383235,0.012004838891848313,0.043912175648702596,0.15568862275449102,0.0,0.001996007984031936,0.005988023952095809,0.43346640053226876,0.6746506986027944,0.0,0.013972055888223553,0.0,0.0,0.07784431137724551,0.03792415169660679,0.0,0.0,0.0,0.0,0.0,0.001996007984031936,0.001996007984031936,0.02594810379241517,0.013972055888223553
"e63626084f8cbc66ad18c676ef4b4d64","COc1nccnc1NS(=O)(=O)c1ccc(N)cc1",-8.24719068440117,0.10117421034066006,0.003992015968063872,0.38429914154048567,0.05389221556886228,0.16766467065868262,0.0,0.0,0.005988023952095809,0.5728542914171657,0.45143047238855627,0.0,0.007984031936127744,0.0,0.001996007984031936,0.011976047904191617,0.001996007984031936,0.0,0.0,0.0,0.003992015968063872,0.0,0.0,0.0,0.023952095808383235,0.001996007984031936
"577ba8134543ed7a0f8183f08619041a","CN(C)CCCSC(N)=N",-4.302628578745426,0.22702238646275236,0.015968063872255488,0.5357133135287454,0.2315369261477046,0.14171656686626746,0.0,0.015968063872255488,0.0,0.1656686626746507,0.20159680638722555,0.0,0.005988023952095809,0.0,0.001996007984031936,0.03592814371257485,0.015968063872255488,0.0,0.0,0.0,0.005988023952095809,0.0,0.0,0.001996007984031936,0.14570858283433133,0.00998003992015968
"30cc530e3b74dcbd77bfe890a081207a","Fc1cn([C@H]2CCCO2)c(=O)[nH]c1=O",-2.266782887303679,0.14545963388278757,0.027944111776447105,0.5354850705156743,0.06187624750499002,0.13972055888223553,0.003992015968063872,0.007984031936127744,0.005988023952095809,0.18163672654690619,0.2340319361277445,0.0,0.041916167664670656,0.0,0.007984031936127744,0.0658682634730539,0.03493013972055888,0.0,0.0,0.0,0.0,0.0,0.0,0.0,0.07984031936127745,0.027944111776447105
"7789c2c659f9f661f6894f8ff0d3f6e3","COc1nccc(n1)-c1c(ncn1C1CCNCC1)-c1ccc(F)cc1",4.511180950895428,0.27649084339214003,0.005988023952095809,0.019377720137568416,0.1277445109780439,0.18562874251497005,0.003992015968063872,0.031936127744510975,0.00998003992015968,0.08782435129740519,0.08782435129740519,0.00998003992015968,0.007984031936127744,0.003992015968063872,0.013972055888223553,0.06187624750499002,0.06590153027278775,0.015968063872255488,0.0,0.003992015968063872,0.013972055888223553,0.001996007984031936,0.003992015968063872,0.00998003992015968,0.18562874251497005,0.013972055888223553
"f1109ff8cec4ddf304195120280300c8","CN(C)C(=O)C(=O)c1cn(C)c2cc(Cl)c(cc12)C(=O)N1CCC(Cc2ccc(F)cc2)CC1",4.959022497691549,0.1421345635240185,0.08582834331337326,0.010055980243304723,0.14770459081836326,0.18762475049900199,0.003992015968063872,0.02594810379241517,0.021956087824351298,0.033932135728542916,0.017964071856287425,0.0,0.05688622754491018,0.001996007984031936,0.013972055888223553,0.08083832335329341,0.07784431137724551,0.010835471913316226,0.0,0.013972055888223553,0.017964071856287425,0.003992015968063872,0.007984031936127744,0.021956087824351298,0.1497005988023952,0.021956087824351298
"0a35a17e1423294818fc3c87241ba2e7","N#Cc1cccc(c1)-c1c[nH]c2ncnc(N3CCOCC3)c12",-8.142151539397666,0.10329138685702866,0.01996007984031936,0.02860994506115022,0.07584830339321358,0.12574850299401197,0.0,0.0,0.00998003992015968,0.08582834331337326,0.11210911510312707,0.001996007984031936,0.021956087824351298,0.0,0.001996007984031936,0.04790419161676647,0.017964071856287425,0.0,0.0,0.0,0.003992015968063872,0.003992015968063872,0.0,0.015968063872255488,0.029940119760479042,0.021956087824351298
"5150242808936c9a550434875864998e","CCN(Cc1ccccc1)C(=O)Cn1c2nc(ncc2n(C)c1=O)-c1ccccc1",-5.271891523800626,0.18226856278106715,0.015968063872255488,0.024307639061824253,0.06986027944111776,0.12574850299401197,0.001996007984031936,0.017964071856287425,0.0,0.1596806387225549,0.07584830339321358,0.007984031936127744,0.013972055888223553,0.0,0.0,0.029940119760479042,0.011976047904191617,0.0,0.0,0.0,0.005988023952095809,0.007984031936127744,0.007984031936127744,0.013972055888223553,0.07684630738522955,0.017964071856287425
"eddb34ae0a58ea4e5723b8a540d8b4c4","COc1cc(NS(=O)(=O)c2ccc(N)cc2)nc(OC)n1",-7.663855998465342,0.12346590330362511,0.001996007984031936,0.047665740274565334,0.06986027944111776,0.11377245508982035,0.0,0.005988023952095809,0.001996007984031936,0.4870259481037924,0.49567531603459747,0.0,0.017964071856287425,0.0,0.003992015968063872,0.027944111776447105,0.007984031936127744,0.0,0.0,0.0,0.001996007984031936,0.0,0.0,0.021956087824351298,0.043912175648702596,0.011976047904191617
"2de516aef384b02d345f25de96999b9a","CCc1ccc(OCc2ccccc2C(=O)Nc2ccc3nc(C)cc(N)c3c2)cc1",-10.859001355159227,0.19930263920311428,0.015968063872255488,0.0037745551362389383,0.06387225548902195,0.07385229540918163,0.0,0.001996007984031936,0.0,0.08183632734530938,0.0658682634730539,0.0,0.015968063872255488,0.0,0.003992015968063872,0.05588822355289421,0.01264138389886893,0.003992015968063872,0.0,0.0,0.0,0.007984031936127744,0.0,0.003992015968063872,0.05189620758483034,0.011976047904191617
"a6fc44018f7847ce549a16ea4e6bea6b","CCN(CC)CCCCC1CCN(CC(=O)N2c3ccccc3C(=O)Nc3cccnc23)CC1",3.1598661896111446,0.42485775046855384,0.03992015968063872,0.15022311546198236,0.10978043912175649,0.26147704590818366,0.0,0.08582834331337326,0.005988023952095809,0.04790419161676647,0.07285429141716566,0.0,0.06786427145708583,0.0,0.00998003992015968,0.13972055888223553,0.05056553559547571,0.008982035928143712,0.0,0.00499001996007984,0.0,0.0,0.0,0.021956087824351298,0.12674650698602793,0.02594810379241517
"39dae49a1628eec7815829e200c6eb5a","CC(=O)O[C@H]1[C@H](C[C@H]2[C@@H]3CC[C@H]4C[C@H](OC(C)=O)[C@H](C[C@]4(C)[C@H]3CC[C@]12C)[N+]1(C)CCCCC1)[N+]1(C)CCCCC1",13.066854564278051,0.6764703770981882,0.01996007984031936,0.5893418976334204,0.7225548902195609,0.16367265469061876,0.0,0.01996007984031936,0.041916167664670656,0.17165668662674652,0.1936127744510978,0.0,0.007984031936127744,0.001996007984031936,0.08383233532934131,0.19161676646706588,0.14770459081836326,0.00998003992015968,0.0,0.003992015968063872,0.02694610778443114,0.005988023952095809,0.003992015968063872,0.005988023952095809,0.6367265469061876,0.015968063872255488
"50868c205a63a70ae298cee77ea88486","CCOc1c(cc(Cl)c(F)c1[C@@H]1CNC(=O)C1)[C@H](C)n1nc(C)c2c(N)ncnc12",5.289340141852086,0.18696754304362614,0.007984031936127744,0.07873545455040754,0.07984031936127745,0.2055888223552894,0.0,0.017964071856287425,0.001996007984031936,0.1437125748502994,0.1656686626746507,0.001996007984031936,0.003992015968063872,0.003992015968063872,0.03526280771789753,0.1656686626746507,0.08882235528942116,0.00998003992015968,0.001996007984031936,0.01330671989354624,0.007984031936127744,0.0,0.0,0.005988023952095809,0.08782435129740519,0.017964071856287425
"e53ce390a1a2cf69ad7c7ce9604fc075","COC(=O)Nc1ccc(cc1)-c1nc(N2CCOCC2)c2cnn(C3CCN(CC3)C(=O)OC)c2n1",-1.135998773798815,0.22123997363073822,0.005988023952095809,0.015765861315224446,0.10778443113772455,0.14570858283433133,0.0,0.04790419161676647,0.00998003992015968,0.0884896872920825,0.11077844311377245,0.001996007984031936,0.011976047904191617,0.0,0.021956087824351298,0.059880239520958084,0.021956087824351298,0.005988023952095809,0.0,0.011976047904191617,0.007984031936127744,0.001996007984031936,0.001996007984031936,0.017964071856287425,0.08582834331337326,0.014637391882900865
"c96ab80f3dbd2be4fdc44cba1d177fe6","C[C@@H]1O[C@@H](OC[C@H]2O[C@@H](Oc3c(oc4cc(O)cc(O)c4c3=O)-c3ccc(O)c(O)c3)[C@H](O)[C@@H](O)[C@@H]2O)[C@H](O)[C@H](O)[C@H]1O",26.349829246102118,0.9445580869692176,0.9481037924151696,0.5282296638027768,0.9670658682634731,0.25349301397205587,0.011976047904191617,0.07984031936127745,0.13572854291417166,0.21357285429141717,0.19161676646706588,0.009481037924151697,0.7601226119190193,0.019627411842980707,0.047238855622089154,0.30053226879574185,0.11177644710578842,0.05788423153692615,0.0,0.003992015968063872,0.017964071856287425,0.001996007984031936,0.008483033932135729,0.023952095808383235,0.93812375249501,0.7675933846592531
"26ec486af83a44c5f0fe4cc70916517a","CC[C@@]1(O)C(=O)OCc2c1cc1-c3nc4ccccc4c(CCNC(C)C)c3Cn1c2=O",1.8678215054154457,0.34396597950370755,0.12974051896207583,0.0349558336985663,0.25349301397205587,0.2894211576846307,0.0,0.0,0.005988023952095809,0.1656686626746507,0.13972055888223553,0.0,0.059880239520958084,0.0,0.003992015968063872,0.09381237524950099,0.02594810379241517,0.0007984031936127745,0.0,0.0,0.001996007984031936,0.001996007984031936,0.003992015968063872,0.05788423153692615,0.17564870259481039,0.04657351962741184
"5e229f2dc11b40c17274003a45966689","[H][C@]1(Cc2ccccc2)NC(=O)[C@H](Cc2cnc[nH]2)NC(=O)[C@@H](C)NC(=O)[C@]([H])(CSSC[C@H](NC(=O)[C@H](Cc2c[nH]c3ccccc23)NC(=O)[C@H](CCCNC(N)=N)NC1=O)C(N)=O)NC(=O)[C@H](CCCNC(N)=N)NC(C)=O",26.741070269711912,0.4386030064104148,0.313373253493014,0.021933627877971127,0.4151696606786427,0.313373253493014,0.0,0.27345309381237526,0.22355289421157684,0.10778443113772455,0.0718562874251497,0.11177644710578843,0.37924151696606784,0.021956087824351298,0.04590818363273453,0.4161676646706587,0.16184298070525616,0.031936127744510975,0.013972055888223553,0.015968063872255488,0.03260146373918829,0.3283433133732535,0.250499001996008,0.38040585495675316,0.4870259481037924,0.05189620758483034
"d9555012f9f1408d87a88ed085f446fa","CCN[C@H]1C[C@H](C)S(=O)(=O)c2sc(cc12)S(N)(=O)=O",1.998108233969123,0.2087128347177646,0.059880239520958084,0.3192855735531967,0.07984031936127745,0.20359281437125748,0.001996007984031936,0.07984031936127745,0.015968063872255488,0.3213572854291417,0.23353293413173654,0.0,0.023952095808383235,0.0,0.013972055888223553,0.07451763140385893,0.04590818363273453,0.001996007984031936,0.0,0.0,0.001996007984031936,0.0,0.0,0.001996007984031936,0.04790419161676647,0.02594810379241517
"1c4d407136d65ac15c9a8a0263752f29","OC(=O)CNC(=O)c1c(O)c2ccccc2n(Cc2ccccc2)c1=O",-2.5258297785801314,0.6005216469424505,0.04590818363273453,0.007121785512196774,0.27694610778443113,0.05189620758483034,0.0,0.011976047904191617,0.001996007984031936,0.09181636726546906,0.05389221556886228,0.001996007984031936,0.021956087824351298,0.0,0.011976047904191617,0.021956087824351298,0.00998003992015968,0.001996007984031936,0.0,0.0,0.0,0.01829673985362608,0.013972055888223553,0.05788423153692615,0.1536926147704591,0.029940119760479042
"0268f204b1ec56ffdd71c687b3496459","CCN(CC)C(=O)c1cccnc1",-10.653710585130986,0.028717303001364776,0.0,0.6458559143607966,0.01996007984031936,0.3213572854291417,0.0,0.007984031936127744,0.0,0.25149700598802394,0.2774451097804391,0.0,0.0,0.0,0.0,0.01996007984031936,0.007984031936127744,0.0,0.0,0.0,0.0,0.0,0.0,0.0,0.015968063872255488,0.001996007984031936
"67cc686c3baf3e3868ec2169ae12ba15","COc1cc(ccc1Nc1ncnc(Nc2ccccc2S(=O)(=O)C(C)C)n1)N1CCC(CC1)N1CCN(C)CC1",9.598757591090074,0.32132703691401737,0.04790419161676647,0.022991997280716197,0.16167664670658682,0.07784431137724551,0.003992015968063872,0.02594810379241517,0.033932135728542916,0.05788423153692615,0.09048569527611443,0.0,0.041916167664670656,0.0026613439787092482,0.038922155688622756,0.27811044577511645,0.09281437125748503,0.00499001996007984,0.003992015968063872,0.006786427145708583,0.0166333998669328,0.005988023952095809,0.0,0.017964071856287425,0.13972055888223553,0.027944111776447105
"16a38b729edc5f5fa4af755d55af6359","O=C(N1CCCCC1)c1ccc2nccnc2c1",-10.974630499187457,0.07643663713757043,0.003992015968063872,0.30444954216430375,0.023952095808383235,0.2275449101796407,0.0,0.001996007984031936,0.0,0.17165668662674652,0.13972055888223553,0.0,0.0,0.0,0.0,0.03792415169660679,0.007984031936127744,0.0,0.0,0.0,0.0,0.0,0.0,0.001996007984031936,0.03592814371257485,0.0
"9094f5c62e5b09d08622b6dda9a5ffc7","O=C1C(C(=O)c2ccccc12)c1ccccc1",-2.6958313662704043,0.11927136953058701,0.10778443113772455,0.029314919761902553,0.12974051896207583,0.2375249500998004,0.0,0.023952095808383235,0.029940119760479042,0.6706586826347305,0.6586826347305389,0.0,0.015968063872255488,0.0,0.0,0.06387225548902195,0.02594810379241517,0.0,0.0,0.0,0.0,0.0,0.0,0.0,0.07584830339321358,0.023952095808383235
"5cf93e5fa9623f89f07cb7686c77d75a","CCC(C)(C)NC(=N)NC#N",-2.5774710588100036,0.14281663670902725,0.003992015968063872,0.7414217976593902,0.1347305389221557,0.20958083832335328,0.0,0.023952095808383235,0.0,0.24750499001996007,0.3413173652694611,0.0,0.001996007984031936,0.0,0.005988023952095809,0.12974051896207583,0.031936127744510975,0.0,0.0,0.005988023952095809,0.0,0.0,0.0,0.0,0.06919494344644045,0.001996007984031936
"7f4bb3aaaaef762a6f3a5847eb3a067e","COc1ccc(cc1)C(=O)C(\Cc1cc(OC)c(OC)c(OC)c1)=C(/C(O)=O)c1ccc2OCOc2c1",-0.19344561144865133,0.42398559817676257,0.14570858283433133,0.009599256820675266,0.34963406520292745,0.021956087824351298,0.0,0.029940119760479042,0.003992015968063872,0.06187624750499002,0.10379241516966067,0.001996007984031936,0.031936127744510975,0.0,0.02423723980610208,0.1488689288090486,0.07518296739853628,0.0,0.0,0.0,0.0,0.003992015968063872,0.001996007984031936,0.00998003992015968,0.2315369261477046,0.01996007984031936
"8e19f33434dae0be5e48abaf00622699","C(CN1CCOCC1)Cc1ccc(COc2ccccc2)cc1",-6.717908292570544,0.20808529470930706,0.03592814371257485,0.01874672907076858,0.1317365269461078,0.05588822355289421,0.0027944111776447103,0.001996007984031936,0.005988023952095809,0.021956087824351298,0.013972055888223553,0.0,0.05389221556886228,0.0,0.0,0.021956087824351298,0.015968063872255488,0.0037924151696606787,0.0,0.00499001996007984,0.006686626746506987,0.0,0.0,0.013972055888223553,0.16766467065868262,0.017964071856287425
"dd1eede9bad6c5dacf02d1c75bab01bd","Nc1c(CC(O)=O)cccc1C(=O)c1ccc(Br)cc1",-3.849938398488713,0.4641469866839913,0.05588822355289421,0.024697075357198332,0.3479707252162342,0.10578842315369262,0.0,0.0,0.0,0.156686626746507,0.1686626746506986,0.003992015968063872,0.013972055888223553,0.0,0.003992015968063872,0.027944111776447105,0.013972055888223553,0.0,0.0,0.0,0.0,0.0,0.015968063872255488,0.001996007984031936,0.16766467065868262,0.013972055888223553
"d0c58fea60117e8bac5c6d8dad2672fc","COc1ccccc1NC(=O)OCC1CCN(CC1)C(=O)OC(C)(C)C",-9.073205307525207,0.13541687471388725,0.001996007984031936,0.4779821292511027,0.02594810379241517,0.1936127744510978,0.0,0.001996007984031936,0.0,0.10978043912175649,0.05588822355289421,0.0,0.0,0.0,0.0,0.027944111776447105,0.001996007984031936,0.0,0.003992015968063872,0.005988023952095809,0.0,0.0,0.0,0.0,0.023952095808383235,0.005988023952095809
"fc29b367f272aa98b2654a9ff2c1bc71","CC(C)S(=O)(=O)NC[C@H](C)c1ccc(cc1)-c1ccc(CCNS(C)(=O)=O)cc1",-5.973809663105014,0.1759663954867998,0.06187624750499002,0.021263295609178733,0.0718562874251497,0.1656686626746507,0.0,0.00998003992015968,0.001996007984031936,0.05189620758483034,0.08582834331337326,0.0,0.02594810379241517,0.0,0.00998003992015968,0.10978043912175649,0.024318030605455756,0.001996007984031936,0.0,0.0,0.0,0.021956087824351298,0.0,0.001996007984031936,0.059880239520958084,0.007984031936127744
"00f337bf0e92d5a9c7b5e8cb1f41eafd","OC(=O)c1[nH]c2cc(Cl)cc(Cl)c2c1\C=C\C(=O)Nc1ccccc1",4.4389709477321695,0.29385029569165944,0.08383233532934131,0.010579343241649622,0.24617431803060544,0.04790419161676647,0.001996007984031936,0.005988023952095809,0.005988023952095809,0.25582168995342647,0.33532934131736525,0.015968063872255488,0.041916167664670656,0.0,0.003992015968063872,0.25948103792415167,0.04058549567531603,0.001996007984031936,0.0,0.0,0.0,0.029940119760479042,0.023952095808383235,0.005988023952095809,0.12574850299401197,0.011976047904191617
"274069cbfc72bdcb0a1276ae346802b2","COc1ccc2nc(SCc3ncc(C)c(OC)c3C)[nH]c2c1",-10.803340583455437,0.2146399501277693,0.011976047904191617,0.03882817027479352,0.09181636726546906,0.09381237524950099,0.0,0.013972055888223553,0.0,0.10379241516966067,0.1277445109780439,0.0,0.007984031936127744,0.0,0.005988023952095809,0.04790419161676647,0.001996007984031936,0.0,0.0,0.0,0.0,0.0,0.0,0.001996007984031936,0.059880239520958084,0.005988023952095809
"35943d18435280b4cc20cceea63c470b","CCCCCCC[n+]1ccc(cc1)-c1cc[n+](CCCCCCC)cc1",9.66040000614614,0.3096746769819259,0.05588822355289421,0.03145929283795919,0.2694610778443114,0.08383233532934131,0.0,0.013972055888223553,0.011976047904191617,0.07984031936127745,0.04590818363273453,0.007984031936127744,0.2994011976047904,0.0,0.023952095808383235,0.2834331337325349,0.3373253493013972,0.001996007984031936,0.0,0.0,0.001996007984031936,0.07584830339321358,0.043912175648702596,0.23952095808383234,0.6766467065868264,0.05788423153692615
"60038aceb82ce8765b8e478c1f30c433","OC(=O)CCC\C=C/C[C@@H]1CO[C@@H](O[C@@H]1c1ccccc1O)C(F)(F)F",4.796112526464444,0.40724817822536874,0.1656686626746507,0.034415921622358285,0.3686911890504705,0.3013972055888224,0.0,0.0499001996007984,0.007984031936127744,0.05588822355289421,0.12574850299401197,0.00998003992015968,0.07584830339321358,0.0,0.001996007984031936,0.13972055888223553,0.03512974051896208,0.0,0.0,0.0,0.0,0.007984031936127744,0.003992015968063872,0.027944111776447105,0.19912555840699553,0.08682634730538923
"063e50be81bf61eb8a8f0f5a6ed9ca7d","OC(=O)[C@@H]1CCCN1",-1.5809358289129554,0.28258429653634926,0.011976047904191617,0.1772510822393251,0.31137724550898205,0.04590818363273453,0.0,0.023952095808383235,0.0,0.3013972055888224,0.22654690618762474,0.005988023952095809,0.013972055888223553,0.0,0.003992015968063872,0.029940119760479042,0.007984031936127744,0.0,0.0,0.0,0.0,0.013972055888223553,0.011976047904191617,0.001996007984031936,0.20159680638722555,0.011976047904191617
"bc8a474f0f2a203fe94bb73ac77a4013","Cc1ccc(cc1NC(=O)c1ccc(OCc2ccccn2)cc1)-c1ncc[nH]1",-10.282745705255891,0.18242675747224116,0.003992015968063872,0.006542624539122916,0.13373253493013973,0.031936127744510975,0.0,0.005988023952095809,0.001996007984031936,0.08449767132401861,0.07784431137724551,0.005988023952095809,0.017964071856287425,0.0,0.0,0.03992015968063872,0.005988023952095809,0.0,0.0,0.0,0.001996007984031936,0.007984031936127744,0.0,0.00998003992015968,0.12974051896207583,0.005988023952095809
"25ec9a2753fa73fcd6f1edc3cd45ea50","CC(C)c1cccc(C(C)C)c1O",-0.4970524852933474,0.7536648293791333,0.003992015968063872,0.6575987707770373,0.7305389221556886,0.313373253493014,0.0,0.001996007984031936,0.011976047904191617,0.3972055888223553,0.5548902195608783,0.0,0.003992015968063872,0.0,0.001996007984031936,0.01996007984031936,0.0,0.001996007984031936,0.0,0.0,0.0,0.0,0.0,0.0,0.6746506986027944,0.007984031936127744
"4bf8d2757cc0811b8d9da5be016e08cc","Cc1nc2c(NCc3c(C)cccc3C)cc(cn2c1C)C(=O)NCCO",-1.3075114806342385,0.1596583021651858,0.005988023952095809,0.03744969116805965,0.05788423153692615,0.2774451097804391,0.0,0.017964071856287425,0.0,0.04790419161676647,0.05588822355289421,0.0,0.0,0.041916167664670656,0.010978043912175649,0.05389221556886228,0.017964071856287425,0.017964071856287425,0.007984031936127744,0.011976047904191617,0.015968063872255488,0.0,0.0,0.003992015968063872,0.04790419161676647,0.0
"09af5440f59e64ec94c29e9ee08a1f7d","COc1cc(NC(=O)Nc2cccc(CNC(=O)O[C@H]3CCOC3)c2)ccc1-c1cnco1",3.723571615945787,0.19212520941099384,0.033932135728542916,0.02329549817640209,0.09181636726546906,0.18762475049900199,0.00998003992015968,0.08782435129740519,0.031936127744510975,0.09780439121756487,0.05588822355289421,0.0,0.021956087824351298,0.0,0.015968063872255488,0.4031936127744511,0.02844311377245509,0.001996007984031936,0.00998003992015968,0.00332667997338656,0.0026613439787092482,0.0,0.0,0.011976047904191617,0.0499001996007984,0.011976047904191617
"dbb12503ee3f6f0cf36960ad6fd3b810","COc1ccc(NC(=O)c2cc(OCCCN(C)C)nn2Cc2ccccc2)cc1",-10.463820061593024,0.15636380889110096,0.007984031936127744,0.015666571405987942,0.033932135728542916,0.13972055888223553,0.0,0.0,0.0,0.029940119760479042,0.0499001996007984,0.003992015968063872,0.00998003992015968,0.001996007984031936,0.003992015968063872,0.05788423153692615,0.00998003992015968,0.001996007984031936,0.0,0.0,0.001996007984031936,0.0,0.0,0.029940119760479042,0.031936127744510975,0.00998003992015968
"b16ffefcac0fc707dd056ccd0c6aa347","COc1ccc2Sc3ccccc3N(C[C@H](C)CN(C)C)c2c1",1.3206688387979226,0.5394942819208922,0.15568862275449102,0.16227424789805012,0.30538922155688625,0.07385229540918163,0.0,0.007984031936127744,0.0,0.10379241516966067,0.08782435129740519,0.0,0.03792415169660679,0.0,0.017964071856287425,0.0499001996007984,0.01996007984031936,0.0,0.0,0.003992015968063872,0.001996007984031936,0.003992015968063872,0.001996007984031936,0.03592814371257485,0.18363273453093812,0.015968063872255488
"80d96efcc8a7b8f06c604c6291060320","C1CC1c1cc(Nc2ccnc(Nc3ccc4nc[nH]c4c3)n2)[nH]n1",0.8293846796422504,0.2449695536844471,0.007984031936127744,0.011182233519447258,0.11776447105788423,0.0499001996007984,0.0,0.015968063872255488,0.001996007984031936,0.23353293413173654,0.18163672654690619,0.0,0.00998003992015968,0.001996007984031936,0.013972055888223553,0.1996007984031936,0.05588822355289421,0.007984031936127744,0.003992015968063872,0.0,0.003992015968063872,0.003992015968063872,0.001996007984031936,0.007984031936127744,0.1277445109780439,0.00998003992015968
"f132e46ab0b78761909b284e902e22df","OC(=O)c1cc(ccc1O)-c1ccc(F)cc1F",1.7187457598962905,0.7530134781455393,0.01996007984031936,0.22321893143077962,0.0718562874251497,0.03592814371257485,0.023952095808383235,0.05389221556886228,0.027944111776447105,0.2754491017964072,0.12375249500998003,0.0,0.001996007984031936,0.0,0.013972055888223553,0.07584830339321358,0.06786427145708583,0.001996007984031936,0.0,0.0,0.007984031936127744,0.0,0.0,0.0,0.023952095808383235,0.003992015968063872
"e287f9063ae4da51ac0ee75c3b4bb1ab","CC(C)(C)CCN1C[C@H]2[C@H](CNC(=O)c3cc(Cl)cc(Cl)c3)[C@H]2C1",0.7305582075062205,0.13125395656494449,0.017964071856287425,0.1918756155603289,0.041916167664670656,0.43912175648702595,0.0,0.06387225548902195,0.013972055888223553,0.21756487025948104,0.1936127744510978,0.0,0.027944111776447105,0.0,0.013972055888223553,0.106187624750499,0.04474384564204923,0.001996007984031936,0.0,0.001996007984031936,0.001996007984031936,0.001996007984031936,0.0,0.00998003992015968,0.027944111776447105,0.021956087824351298
"8f495deb27385b08a86ba406ee3d13aa","OCc1c[nH]c2ccccc12",-9.253725771063845,0.18210071210350054,0.001996007984031936,0.5853725406418416,0.0499001996007984,0.27345309381237526,0.0,0.0,0.0,0.4491017964071856,0.32335329341317365,0.0,0.001996007984031936,0.0,0.0,0.003992015968063872,0.0,0.0,0.0,0.0,0.0,0.0,0.0,0.0,0.04790419161676647,0.001996007984031936
"7a08733dd4535f12e45dc985257bc435","CCOc1ccc(cn1)-c1ccc(Cn2c(CC(C)(C)C(O)=O)c(SC(C)(C)C)c3cc(OCc4ccc(C)cn4)ccc23)cc1",5.410234569496584,0.416928204508707,0.11976047904191617,0.055065821994950116,0.3213572854291417,0.09181636726546906,0.0,0.04590818363273453,0.005988023952095809,0.0718562874251497,0.06786427145708583,0.005988023952095809,0.19760479041916168,0.005988023952095809,0.003992015968063872,0.07984031936127745,0.023952095808383235,0.0006653359946773121,0.0,0.0,0.005988023952095809,0.007984031936127744,0.007984031936127744,0.015968063872255488,0.3213572854291417,0.1497005988023952
